,correct regex,faulty regex
1,(a*ba*b)*a*ba*,(a*)b((a*)(b(a*b)b))+a*
2,(a*ba*b)*a*ba*,a*b(bb+|a*|bab)*
3,(a*ba*b)*a*ba*,(bb)+
4,(a*ba*b)*a*ba*,a*b(a|(ba*b))b
5,(a*ba*b)*a*ba*,a*b(bb)*(a+b(bb)*)*a*
6,(a*ba*b)*a*ba*,a*b(ba*(b|a)a)*
7,(a*ba*b)*a*ba*,(a)*(b|bb)(a)*(bb)*(a)*
8,(a*ba*b)*a*ba*,(a*ba*(bb)*a*)|(a*bba*(b)*a*)
9,(a|(b*bb))*,bb(a|b)*b
10,(a*ba*b)*a*ba*,"b(b{2,})*"
11,(a*ba*b)*a*ba*,(((a*)+b+(a*)+b+(a*))*)+b+(((a*)+b+(a*)+b+(a*))*)
12,(a*ba*b)*a*ba*,a*b(bb+|a*)*
13,(a|(b*bb))*,(a|b)*b+bb+(a|b)*
14,(a*ba*b)*a*ba*,(a*)b(a*|bb*)
15,(a|b)*baa(a|b)*b,(a*b*)*bba(a*b*)*b
16,(a|baa)*,a*ba*((ab|ba|b)b)*a*
17,(a*ba*b)*a*ba*,((a*)+b+(a*)+(bb*)+(a*))
18,(a*ba*b)*a*ba*,(a*b(a*)(bb*))|(a*(bb)*a*b)
19,(a*ba*b)*a*ba*,a*b+(bb*|a*)bb*
20,(a|(b*bb))*,a*bb*a*bb*
21,(a|b)(a|b)+aaa+,(aa|bb)*aaa
22,(a|b)(a|b)+aaa+,((b)+(aaa+))
23,(a|b)(a|b)+aaa+,bbb*aaa*
24,(a|baa)*,"b+a{2,}"
25,(a|baa)*,b(b*)aa(a*)
26,(a|b)(a|b)+aaa+,(a|b{2})+a{3}a*
27,(a|b)(a|b)+aaa+,b|(a*b*)*aaa
28,(a|b)(a|b)+aaa+,(a|b)|(a|b)*(aaa)a*
29,(a|baa)*,(b)+(a)+(a)*
30,(a|baa)*,"[a-b](ba{2,})?"
31,(ab|ba)*,(ab|ba?)(aa|ab|ba|bb)*
32,(a*ba*b)*a*ba*,a*b(bb)*a*(b(bb)*)*a*
33,(a*ba*b)*a*ba*,a*ba*|a*bbb*a
34,(a*ba*b)*a*ba*,(b+(bb*))
35,(a*ba*b)*a*ba*,bb*b
36,(a*ba*b)*a*ba*,bb*b+
37,(a*ba*b)*a*ba*,b+((bb)*(a)*)*
38,(a|(b*bb))*,b(a+b)*b
39,(a|baa)*,(b)+(aa)*
40,(a*ba*b)*a*ba*,b+(a*|bb*)
41,(a|(b*bb))*,(bb*)+(bbb)*
42,(a*ba*b)*a*ba*,a*(b+)bb*
43,(a*ba*b)*a*ba*,(b|(ab|ba)+)b
44,(a|(b*bb))*,(a|b)*bb+(a|b)*|(a|b)*b+b(a|b)*
45,(a|(b*bb))*,(a|b)*bb*b(a|b)*
46,(a|(b*bb))*,(a|b)*bb(a|b)*
47,(a*ba*b)*a*ba*,ba*b|a*ba
48,(a*ba*b)*a*ba*,(a|bb)*(b)+(a|bb)*
49,(a|b)*baa(a|b)*b,(ba*)+b
50,(a|b)*baa(a|b)*b,(a|b)*(baa*)(a|b)*b
51,(a|b)*baa(a|b)*b,(a*(b+a+)+b+)
52,(a|(b*bb))*,b(ab+ba+b)*
53,(a*ba*b)*a*ba*,(bb)*a*ba*(bb)*(ab)*
54,(a*ba*b)*a*ba*,a*(bb)*a*b+a*(bb)*a*
55,(a*ba*b)*a*ba*,b(a*bb*)
56,(a|(b*bb))*,b+(a+b)*b
57,(a*ba*b)*a*ba*,(a*)+b+((a*)|(b+(a*)+b))+(a*)
58,(a*ba*b)*a*ba*,b*ab*ba*
59,(a*ba*b)*a*ba*,a*b+(a|b(a)*b)*
60,(a*ba*b)*a*ba*,a*b+(a|ba*b)*
61,(a|b)(a|b)+aaa+,(a+|b+)*aaa
62,(a|b)(a|b)+aaa+,(a*|b*)+(a*|b*)+aaa+
63,(a|b)*baa(a|b)*b,(a|b)*aab+(a|b)*b
64,(a|b)*baa(a|b)*b,(a|b)*aab(a|b)*b
65,(b|(a*aa))*,(b*|ab+)*aa(a+b)*
66,(a|b)(a|b)+aaa+,(a|b)*aaaa*
67,(a|b)(a|b)+aaa+,(a|b)*(aaa)a*
68,(a|b)(a|b)+aaa+,(a|b)*aaa(a)*
69,(a|b)(a|b)+aaa+,(a|b)*(aaa)+
70,(a|b)(a|b)+aaa+,(a|b)*a{2}aa*
71,(a|b)(a|b)+aaa+,(a|b)*a{3}
72,(a|b)(a|b)+aaa+,[ab]*a{3}
73,(a|b)(a|b)+aaa+,(a+|b+)*aa(a+)
74,(a|b)(a|b)+aaa+,(aa*|ab*|ba*|bb*)*aaaa*
75,(a|b)(a|b)+aaa+,(a*b*)*aaa
76,(a|b)(a|b)+aaa+,(a|b)*(a|b)*aaa
77,(a|b)(a|b)+aaa+,(aa+|bb+|ab+|ba+|a*|b*)+aaa
78,(a|b)(a|b)+aaa+,aaa(a)*|(a|b)*baaa(a)*
79,(a|b)(a|b)+aaa+,"(a|b|aa|bb|ab|ba)*a{3,}"
80,(a|b)(a|b)+aaa+,(aa|ab|ba|bb|b)*(aaa)a*
81,(a|b)(a|b)+aaa+,(a*|b*)*(a)(a)(a)(a*)
82,(a|b)(a|b)+aaa+,(aa|ab|ba|bb|b|a)*(aaa)a*
83,(a|b)(a|b)+aaa+,"(a|b)*(a|b)*a{3,}"
84,(a*ba*b)*a*ba*,(a)*(b)*(a)*(b)(a)*(bb)*(a)*
85,(a*ba*b)*a*ba*,(a*)b+((a*)|(b(a*)b))+(a*)
86,(a*ba*b)*a*ba*,a*b+(a*|(b(a*)b))+a*
87,(a*ba*b)*a*ba*,(a*)b+((a*)|(b(a*)b))*
88,(a*ba*b)*a*ba*,(b)*a*(b|bb*)a*(b)*
89,(a|b)*baa(a|b)*b,[ab]*[baa][ab]*b
90,(a|b)(a|b)+aaa+,(a|b*a|b*)*aaa
91,(a|b)(a|b)+aaa+,((a|b)*(aaa+))
92,(a|b)(a|b)+aaa+,(aa|ab|ba|bb)*(a|b)*aaa
93,(a|b)(a|b)+aaa+,(aa|ab|ba|bb)*(a|b)*(aaa)
94,(a|b)(a|b)+aaa+,[ba]*aaa
95,(a|b)(a|b)+aaa+,(a*b*)+a+a+a
96,(a|b)(a|b)+aaa+,(a|b)*aaa
97,(a|b)(a|b)+aaa+,"(a|b)*a{3,}"
98,(a|b)(a|b)+aaa+,(a|b)*aaa+
99,(a|b)(a|b)+aaa+,(a|b)*(aaa)
100,(a*ba*b)*a*ba*,b(a*ba*ba*)*a*ba
101,(a|baa)*,(a|b)*aa+
102,(a|baa)*,"[ab]*b?a{2,}"
103,(a|baa)*,(a|b)*b*aa+
104,a+b,(a*b)*a
105,(a|b)(a|b)+aaa+,(a*b*)(a*b*)aaa(a)*
106,(a*ba*b)*a*ba*,((b)(a))+
107,(a*ba*b)*a*ba*,b*(ab*ba)
108,(a|b)*baa(a|b)*b,(a)*(b)*(baa)*(b)*(a)*(b)
109,(a*ba*b)*a*ba*,a*(bab*)*b
110,(a|b)*baa(a|b)*b,(a|b)*b(aa*)b
111,(a|b)*baa(a|b)*b,(a*)(b*)(aa*)b
112,a+b,[ab]*[a][b][ab]*
113,(b|(a*aa))*,b*aa*b*
114,(b|(a*aa))*,(b*aa*b*)|(b*a*ab*)
115,a+b,[ab]*(ab)[ab]*
116,(a*ba*b)*a*ba*,b+a(a+b)((b+a)(b+a))*
117,(a|baa)*,"(a|b)*a{2,}"
118,(a|baa)*,(a|b)*aa
119,(a|baa)*,"[ab]*a{2,}"
120,(a|b)(a|b)+aaa+,(a|b)*aaa*
121,b*a*,[ab]*baa[ab]*b
122,b*a*,(b|a)*(baa)+(a|b)*b+
123,(a|b)*baa(a|b)*b,a*b*(baa)+a*b*
124,(a|b)*baa(a|b)*b,(baa)*b
125,(a|(b*bb))*,a*b*(ba+ab)b*a*
126,(a|b)(a|b)+aaa+,(aa|ab|ba|bb)*a|b*(aaa)
127,(a|b)*baa(a|b)*b,(a*b*)*(baa)+(a*b*)b*
128,(a|b)*baa(a|b)*b,(a*b*)*baa(a*b*)b*
129,(a|b)*baa(a|b)*b,(a|b)*baa+b*
130,(a|b)*baa(a|b)*b,ab|a*b*(baa)b
131,(a*ba*b)*a*ba*,b(aa+ab+ba+bb)*
132,(a|baa)*,((b)*(a)+(a+))+
133,(a|baa)*,"(a|b)*b*a{2,}"
134,(a|baa)*,[ab]*[b]?([a]{2}[a]*)
135,(a|baa)*,(a|b)*(aa)*aaa*
136,(a|b)*baa(a|b)*b,(a)*(b)*(baa)*(a)*(b)
137,(b|(a*aa))*,b*aa(a+b)*
138,(a*ba*b)*a*ba*,(b)((a|b)(a|b))*
139,(a|b)(a|b)+aaa+,(a+b)*aaa|(b+a)*aaa
140,(a|baa)*,(a)*baa(a|b)
141,(a|b)(a|b)+aaa+,ba*aaa+
142,(a|b)(a|b)+aaa+,"[ab]a{3,}"
143,(a|b)(a|b)+aaa+,ab|ba|aa|bb|a*b*aaa
144,(a|b)(a|b)+aaa+,(a*b*)(aaa+)
145,(a|b)(a|b)+aaa+,a*b*a*aaa
146,(a|b)(a|b)+aaa+,(a*b*)a{3}a*
147,(a|b)(a|b)+aaa+,a*b*a+a+a+
148,(a|baa)*,"a*b*aa{2,}"
149,(a|b)(a|b)+aaa+,(a*b*)a{3}
150,(a|b)(a|b)+aaa+,a*b*aaa
151,(a|b)(a|b)+aaa+,a*b*a{3}
152,(a|b)(a|b)+aaa+,a|a*(baaa)a*
153,(a|b)(a|b)+aaa+,(aa*|bb*)aaa+
154,(a|baa)*,b+(aa)
155,a(a|b)*b,b(a|b)a
156,(a*ba*b)*a*ba*,a*b(a|b){2}
157,(a|b)*baa(a|b)*b,(a*b*)*(baa+|b)+
158,(a|baa)*,(b)(aa+)*
159,(a|baa)*,(a|b)*baa+
160,(a|baa)*,"[a-b](b)?a{2,}"
161,(a|baa)*,a*b(aa+)*
162,(a|baa)*,a*(baaa*)+(a|b)*
163,(a|baa)*,(a)*b*(a)(a)
164,(a|baa)*,(a*)b*aa(a*)
165,(a|baa)*,a*b*aaa*
166,(a|baa)*,a*b*aa+
167,(a|baa)*,(a*b*aa+)
168,(a|baa)*,a*b*(aa)a*
169,(a|baa)*,"a*b*a{2,}"
170,(a|baa)*,(a*)+(b*)+a+a
171,(a|baa)*,((a*)+(b*)+(aa)+(a*))
172,(a*ba*b)*a*ba*,((b)(a)+)|((bbb)+(a)*)
173,a+b,b+a
174,(a*ba*b)*a*ba*,b(a|b)*
175,(a*ba*b)*a*ba*,a*b((ba*|a))a*
176,b*a*,(a+)|(a*b+a*)
177,b*a*,((a+)|a*b+a*)
178,(a|b)*(bab)(a|b)*,bab*
179,a+b,ba+
180,(a*ba*b)*a*ba*,"a*b(b{2,})*a*"
181,(a*ba*b)*a*ba*,(a|b(a)*a)*b(a)*
182,(a*ba*b)*a*ba*,a*b(a*ab*b)*a*
183,(a|baa)*,(a*(baa*))
184,(a|baa)*,(a*baa*)
185,(a|baa)*,(a)*(b)(aa*)
186,(a|baa)*,a*baa*
187,(a|baa)*,a*baa*a*
188,(a*ba*b)*a*ba*,a*b(ab*b|a)*
189,(a|baa)*,(a)*(b)*(a)*(a)
190,b*a*,a*b*a+
191,a+b,(a*)ba
192,(a|baa)*,(a|ba*a)+
193,(a*ba*b)*a*ba*,b(b)*|(b)*b
194,(a|(b*bb))*,b+
195,(a|(b*bb))*,b*b
196,(a|(b*bb))*,b*b|bb*
197,(a|(b*bb))*,b*bb*
198,(ab|ba)*,(ab|ba?)(aa|ab|ba|bb?)*
199,(a*ba*b)*a*ba*,a*(b+)(bb)*
200,(a*ba*b)*a*ba*,(a)*(b(bb)*)+
201,(a|(b*bb))*,a*b+
202,a+b,a*b+
203,(a*ba*b)*a*ba*,(a*|b+)bb*
204,(a|b)*baa(a|b)*b,(a*)(b*|aa*)b
205,a+b,(a)*(b+)
206,(a*ba*b)*a*ba*,(a*ba*)+
207,(a*ba*b)*a*ba*,(a)*b(a*ba*b*)*(a)*
208,(a*ba*b)*a*ba*,(a*(ba*b)*ba*)+
209,(a*ba*b)*a*ba*,(((a*)*(b*))*(b*))+b+(((a*)*(b*))*(b*))
210,(a*ba*b)*a*ba*,b|aa*bb
211,(a|baa)*,a*(b(aaa*)*)a*
212,(a|baa)*,a*(b(aa)*)a*
213,(a|baa)*,a*ba*
214,(a*ba*b)*a*ba*,(a*ba*)+(a*ba*ba*)*
215,(a*ba*b)*a*ba*,a*ba*(ba*b)*(a*b*)*
216,(a*ba*b)*a*ba*,a*(ba*(bb)*)(ba*(bb)*)*a*
217,(a*ba*b)*a*ba*,((a*(bb)*a*)ba*)+
218,(a*ba*b)*a*ba*,a*b(a*b)*a*
219,(a|(b*bb))*,(a|b)*bb*(a|b)*
220,(a|(b*bb))*,(a|b)*b+(a|b)*
221,(a|baa)*,a*b(aaa*)*(a|b)*
222,(a|(b*bb))*,(a|b)*b*b(a|b)*|(a|b)*bb*(a|b)*
223,(a|(b*bb))*,(a|b)*b*bb*(a|b)*
224,(a*ba*b)*a*ba*,a*b(a*|ba*|b)*a*
225,(a*ba*b)*a*ba*,a*b((ba*|a)*)a*
226,(a*ba*b)*a*ba*,(a|b)*b((a)|(bb))*
227,(a*ba*b)*a*ba*,((a|b)*|(a|bb)*)*b((a|bb)*|(a|b)*)
228,(a*ba*b)*a*ba*,(a|ba*)*ba*
229,(a*ba*b)*a*ba*,a*b(bb*|a*)*
230,(a*ba*b)*a*ba*,a*b+(bb*|a*)*
231,(a*ba*b)*a*ba*,(a)*b(a|(ba)*b)*
232,(a*ba*b)*a*ba*,(a|b)*(b)(a|b)*
233,a+b,(a*b|a)
234,a+b,(a|a*b)
235,a+b,a|a*b
236,a+b,(a*b{1})
237,a+b,(a*)+b
238,a+b,(a+)*(b)
239,a+b,(a*b)
240,a+b,a*(b)
241,a+b,a*b{1}
242,a+b,a*b
243,a+b,(a)*(b)
244,a+b,(a*)(b{1})
245,a+b,(a|a*)b
246,a+b,[a]*b
247,a+b,(a|a*)(b)
248,a+b,(a*)b
249,a+b,(a)*b
250,a+b,[a]*[b]
251,a+b,(a*)(b)
252,(a|baa)*,(b|aa)a*
253,a+b,[a]*[ab]
254,(a*ba*b)*a*ba*,a*ba*(bb)*a*b(bb)*
255,(a*ba*b)*a*ba*,a*ba*(bb)*a*b*
256,(a|baa)*,a*b(a*ba*b)*a
257,(a*ba*b)*a*ba*,(a|b)(bb)*
258,(a|b)(a|b)+aaa+,(ab)*(ba)*(b)*(aaa+)
259,(a*ba*b)*a*ba*,(a*ba*(bb)*a*)|(a*bba*(b)*a*)|(ba*ba*ba*)
260,(a*ba*b)*a*ba*,(a*ba*ba*b)+|b
261,(a*ba*b)*a*ba*,(a*ba*ba*b)+|ba*
262,(a|(b*bb))*,(a+bb)*bb*
263,(a*ba*b)*a*ba*,(a|(ba*b))*b+a*
264,(a|b)*baa(a|b)*b,[ab]*[b][aa][ab]*[b]
265,(a*ba*b)*a*ba*,(a*ba*)+(a*ba*ba*)
266,(a*ba*b)*a*ba*,a*ba*(ba*b)(a*b*)*
267,(a|baa)*,[a-b]*[b]+a{2}
268,(a|b)*baa(a|b)*b,[ab]*(baa)+[ab]*b[ab]*
269,b*a*,(b|a)*(baa)+(a|b)*b
270,b*a*,(a*b*)*baa(a*b*)*b
271,(a|baa)*,(a|b)*(baa)+(a|b)*
272,(a|b)*baa(a|b)*b,(a|b)*(baa)+(a|b)*
273,(a|b)*baa(a|b)*b,(a|b)*(baa)(a|b)*
274,(a|b)*baa(a|b)*b,(b*a*|a*b*)*(baa)+(b*a*|a*b*)*
275,(a|baa)*,[a-b]*[b]+a{2}[a-b]*
276,(a*ba*b)*a*ba*,a*b(b|ab*b)*
277,(a*ba*b)*a*ba*,a*b(a*ba*b)*b
278,(a|baa)*,(a|b)*baaa*
279,(a|baa)*,(b|a)*baaa*
280,(a|b)*baa(a|b)*b,(a|b)*(baa)(b)(a|b)*
281,(a|b)*baa(a|b)*b,[ab]*(baa)+b[ab]*
282,(a*ba*b)*a*ba*,(a*b+)+
283,(a*ba*b)*a*ba*,((a*|bb*)b)+
284,(a*ba*b)*a*ba*,((a*(bb)*a*)b)+
285,(a*ba*b)*a*ba*,a*b(bb)*(a*b(bb)*)*
286,(a*ba*b)*a*ba*,(a|bb|b)*b
287,(a|b)*baa(a|b)*b,(a*|b*|baa)+b+
288,a+b,(a|b)*a*b
289,(a|b)*baa(a|b)*b,(a|b)*(a|b)*b
290,(a|b)*baa(a|b)*b,(a|b|baa+)*b
291,(a|b)*baa(a|b)*b,((a|b)*|(baa+))b
292,(a|b)*baa(a|b)*b,([ab]*(baa)*[ab]*)*b
293,(a|b)*baa(a|b)*b,(a*b*)*(baa)*(a*b*)b
294,(a|b)*baa(a|b)*b,(a*b*(baa+)*a*b*)*b+
295,a+b,(a|b)*(a)*b
296,(a*ba*b)*a*ba*,(a|b|e)*b
297,(a|(b*bb))*,(a+b)b(a+b)
298,(ab|ba)*,(ab+ba)*(a+b)+(a+b?)
299,(ab|ba)*,(ab+ba)*(a+b)+(a+b)?
300,(a*ba*b)*a*ba*,(a)*b(a*b+a*b+)*
301,(a|b)*baa(a|b)*b,[ab]*(baa)[a]*b*
302,(ab|ba)*,(ab+ba?)(ab+ba)*(aa+bb+ab+ba)*
303,(ab|ba)*,(ab+ba)(ab+ba)*(a+b)*
304,a+b,(a|b)*b
305,(a*ba*b)*a*ba*,(a|b)*b
306,a+b,(a*b)+
307,(a*ba*b)*a*ba*,(a*b)+
308,a+b,(a|b)*(b)
309,(a*ba*b)*a*ba*,(a|b)*(b)
310,(a*ba*b)*a*ba*,a*b(a*bb*)*
311,(a|b)*baa(a|b)*b,(baa)*(a|b)*(baa)*b
312,(a|b)*baa(a|b)*b,(a|b)*(baa)*(a|b)*b
313,(a|b)*baa(a|b)*b,(a|b|baa)*b
314,(ab|ba)*,(ab+ba)(ab+ba)*(aa+bb+ab+ba)*
315,(a|b)*baa(a|b)*b,((b|a)*b+a+a*(b|a)+b)
316,(ab|ba)*,(ab+ba)(aa+ab+ba+bb)*
317,(a|baa)*,"(a)*b+a{3,}"
318,(a|(b*bb))*,a*b(b+a)*ba*
319,(a|b)(a|b)+aaa+,ab|ab+(a|b)*aaa
320,(a|(b*bb))*,a*bb*a*bb*a*
321,(a|b)*baa(a|b)*b,(a|b)*baa*(a|b)*b*
322,b*a*,(a)(a)*(bb)(b)*(a)(a*)
323,(a|(b*bb))*,(a|b)*bba(a|b)*|(a|b)*bbb(a|b)*|(a|b)*abb(a|b)*
324,(a*ba*b)*a*ba*,a*b+(a|bb)*
325,(a*ba*b)*a*ba*,a*(b|bbb)+(a|bb)*
326,(a*ba*b)*a*ba*,a*(b+)(a|bb)*
327,(a|b)*baa(a|b)*b,a*b*(ba+)*b
328,(a*ba*b)*a*ba*,(a)*b(a)*b
329,(a*ba*b)*a*ba*,a*ba*b
330,(a|(b*bb))*,a*b+a*
331,(a|(b*bb))*,a*(b*b)a*
332,(a*ba*b)*a*ba*,a*ba*|a*bbb*a*
333,(a|(b*bb))*,a*bb*a*
334,(a|(b*bb))*,(a)*bb*(a)*
335,(a|baa)*,"(a)b{2,}"
336,(a|(b*bb))*,a*(b*bb*)a*
337,(a*ba*b)*a*ba*,a*(b+)(bb)*a*
338,(a*ba*b)*a*ba*,a*b+(bb*|a*)
339,(a*ba*b)*a*ba*,a*(bb)*b+a*
340,(a|(b*bb))*,b*a*ba*b*
341,(a|(b*bb))*,(ab)*(b+b+)(ab)*
342,(a*ba*b)*a*ba*,(a*b(a*bb)*a*|a*(a*bb)*a*b|a*b(a*b)*a*b)
343,(a*ba*b)*a*ba*,(a*(b)((a)*bb)*(a)*(a*(b))*)
344,(a*ba*b)*a*ba*,(a)*(b)*(b)(a)*(bb)*(a)*
345,(ab|ba)*,(ab|ba?)*(aa|ab|bb|ba)
346,(a*ba*b)*a*ba*,(a*ba*)(a*ba*ba*ba*)*
347,(a*ba*b)*a*ba*,(a|ab+|b)+ab+
348,(a*ba*b)*a*ba*,([a]*[b][a]*[b][a]*)+
349,(ab|ba)*,((ab)|(ba))*((a|b)(a|b))
350,(a|b)*baa(a|b)*b,(a|b)+b*aa+b+
351,(a*ba*b)*a*ba*,(b|(ab|ba)+)
352,a(a|b)a(a|b)*,a(a|b)*a
353,(a|(b*bb))*,(a+(bb))*a*(bb*)(a+(bb))*
354,(a*ba*b)*a*ba*,a*b(a)*bb*
355,(a*ba*b)*a*ba*,a*b(a*ba*ba*b)*a*
356,(a*ba*b)*a*ba*,(a*)b((a*)|(b+(a*)+b))+(a*)
357,(a*ba*b)*a*ba*,a*b(ba*b+|a*)*
358,(a*ba*b)*a*ba*,a*b(a*ba)*a*
359,(a|b)(a|b)+aaa+,a*b(a|ba*b)*
360,(a|baa)*,a*b(a*ba*b)*a*
361,(a|b)*baa(a|b)*b,(a|b)*(bba)(a|b)*b
362,(a|(b*bb))*,(a|b)*bba(a|b)*
363,(a*ba*b)*a*ba*,a*b((ba|a)*b)a*
364,(a|b)(a|b)+aaa+,(a|b)(a|b)*aaa*
365,(a|b)(a|b)+aaa+,(a|b)(a|b)*(aa)(a)*
366,(a|b)(a|b)+aaa+,(a|b)+(a|b)*aaa*
367,(a|b)(a|b)+aaa+,((a|b)*(a|b))aa(a)*
368,(a|b)(a|b)+aaa+,((a|b)*(a|b))aaa(a)*
369,(a|b)(a|b)+aaa+,(a|b)+aaa
370,(a|b)(a|b)+aaa+,((a|b)+)aaa
371,(a|b)(a|b)+aaa+,"(a|b){1,}aaa"
372,(a|b)(a|b)+aaa+,((a|b)*(a|b))+aaa+
373,(a|b)(a|b)+aaa+,(a|b)+(aaa)
374,(a|b)(a|b)+aaa+,(a|b)(a|b)*aaa+
375,(a|b)(a|b)+aaa+,a(a|b)*aaa
376,(ab|ba)*,(ab)*(ba)*(ab?)|(ba)*(ab)*(ba?)
377,(a*ba*b)*a*ba*,a(ba|bb)*
378,(a|baa)*,b*ab*ab*
379,(a|b)*baa(a|b)*b,(ab*baa*b)
380,a+b,(ab)+
381,(a|b)*baa(a|b)*b,(a|b)*(baa)b*
382,(a|b)*baa(a|b)*b,[ab]*(baa)b*
383,(a*ba*b)*a*ba*,a*b(a|(bb|aba))*
384,(a*ba*b)*a*ba*,(((a*)+b+(a*)+b+(a*))|(a*))+b+(((a*)+b+(a*)+b+(a*))|(a*))
385,(a|b)(a|b)+aaa+,(a|b)+(a|b)*aaa
386,(a|b)(a|b)+aaa+,(a|b)(a|b)*aa*
387,(b|(a*aa))*,(a+b)*aa(a+b)*
388,(a|b)*baa(a|b)*b,((a|b)*baa(a|b)*)*b
389,(a|b)*baa(a|b)*b,(a|baa)*b
390,(a|b)*baa(a|b)*b,(ba|a|baa)*b
391,(a|baa)*,(a)(b|aa*a)*
392,(a|b)(a|b)+aaa+,(a+|b+)+aaa
393,(a|b)(a|b)+aaa+,(a|b)(a|b)*aaaa*
394,(a|b)(a|b)+aaa+,(a|b)+aaa+
395,(a|b)(a|b)+aaa+,(a|b)(a|b)*(aaa)a*
396,(a|b)(a|b)+aaa+,((a|b)+(aaa+))
397,(a|b)(a|b)+aaa+,(a|b)(a|b)*(aaa)(a)*
398,(a|b)(a|b)+aaa+,(a|b)(a|b)*aaa(a)*
399,(a|b)(a|b)+aaa+,((a|b)|(aa|bb))+aaa
400,(a|b)(a|b)+aaa+,((a|b)|(b|a))(a|b)*(a)(a)(a)(a*)
401,(a|b)(a|b)+aaa+,(((a|b)+)+)aaa
402,(a|b)(a|b)+aaa+,(aa*|bb*)+aaa+
403,(a|b)(a|b)+aaa+,(a|b)(a|b)*aaa
404,(a|b)(a|b)+aaa+,(((a)|(b))+)+(aaa)+
405,(a|b)(a|b)+aaa+,(a|b)+a+a+a+
406,(a|b)(a|b)+aaa+,(aa+|bb+|ab+|ba+|a|b)+aaa
407,(a|b)(a|b)+aaa+,(a|b)+(aaa)+
408,(a|b)(a|b)+aaa+,((a|b)*(a|b))(aaa)+
409,(a|b)(a|b)+aaa+,((a+|b+)+)+aaa+
410,(a|b)(a|b)+aaa+,(a|b)+aaa(a)*
411,(a|b)(a|b)+aaa+,(a+|b+)+aaa+
412,((a|b)a*ba)*(((a|b)a*b)?),((a|b)a*ba)*(a|((a|b)a*b))
413,(a|baa)*,a*b(aa)*
414,(a|b)(a|b)+aaa+,((a|b){3}(a|b)*aaa+)|(aaa*)
415,(ab|ba)*,(ab|ba)(ab|ba)*(aa|ab|bb|ba)*
416,(ab|ba)*,(ab(ab)*|ba(ab)*)((a|b)(a|b))*
417,(ab|ba)*,(ab|ba)+(aa|bb|ba|ab)*
418,(ab|ba)*,((ab|ba)+(aa|bb|ba|ab)*)
419,(ab|ba)*,(ab)+(aa|bb|ab|ba)*
420,(a|baa)*,"[ab]b+a{2,}"
421,(a|b)(a|b)+aaa+,(a|b)|(b|a)(a|b)*(a)(a)(a)(a*)
422,(a|b)(a|b)+aaa+,[ab]|[ab]+a{3}
423,(a|b)(a|b)+aaa+,(a|b)|(a|b)+(a|b)*aaa
424,(a|b)(a|b)+aaa+,(ab)+aaa*
425,(a|b)(a|b)+aaa+,(b+)*(a+)*(b+)*(aaa+)
426,(a|b)(a|b)+aaa+,b*a*b*aaa
427,(a|b)(a|b)+aaa+,((a*|b*)(a*|b*))aaa
428,(a|b)(a|b)+aaa+,(a*b*|a*a*|b*b*|b*a*)(a{3})
429,(ab|ba)*,(a+a(b+aa)*b)*a(b+aa)*a
430,(a|baa)*,"ab*b?a{2,}"
431,(a*ba*b)*a*ba*,(a|bb)*b+a*
432,(a|baa)*,(a|b)(b*a(a)*)
433,(a|b)*baa(a|b)*b,a*b*baa*b*(a*bb*)*
434,(a*ba*b)*a*ba*,a*(b(bb)*)*a*b(bb)*a*
435,(a*ba*b)*a*ba*,a*b+a*(bb)*
436,(a*ba*b)*a*ba*,((a*)+b+(a*)+(b*b*)+(a*))
437,(a*ba*b)*a*ba*,a*(b*|bb)a*(b|bb*)a*
438,a(a|b)a(a|b)*,a(a|b)*aa*b*
439,a(a|b)a(a|b)*,a(a|b)*a(a|b)*
440,(a|baa)*,"[a-b]((ba{2,})?)"
441,b*a*,(a)(a)*(b)(b)*(a)(a*)
442,(a*ba*b)*a*ba*,(a*ba*ba*ba*)+|a*ba*
443,(a*ba*b)*a*ba*,(a*ba*ba*b)+|a*ba*
444,(a*ba*b)*a*ba*,a*(b|(b((a*b{2})+a*))+)a*
445,(a*ba*b)*a*ba*,(ba*ba*ba*)*a*ba
446,((a|b)a*ba)*(((a|b)a*b)?),(a|b?)(a*b|b|ba|a*ba)
447,((a|b)a*ba)*(((a|b)a*b)?),(a|b)?a*b(a?)
448,((a|b)a*ba)*(((a|b)a*b)?),(a|b)a*b?a
449,((a|b)a*ba)*(((a|b)a*b)?),(a|b)?(a|ba(a|b))*(b|ba)
450,((a|b)a*ba)*(((a|b)a*b)?),(a|b)?a*b(a|b)
451,((a|b)a*ba)*(((a|b)a*b)?),(a|b)a*b(a|b)
452,(a*ba*b)*a*ba*,(a|b)(ba|bb)*
453,b*a*,(a*b*a+)|(a+b*a*)
454,b*a*,((a*)(b*)(a+))|((a+)(b*)(a*))
455,b*a*,aa*b*a*
456,b*a*,a(a)*(b)*(a)*
457,b*a*,a+(b)*(a)*
458,b*a*,(a)(a)*(b)*(a)*
459,b*a*,a+b*a*
460,(a|baa)*,abaa*
461,(a|baa)*,(a)(b)(aa*)
462,(a*ba*b)*a*ba*,(b*(bb)*a*(bb)*)ba*
463,a(a|b)a(a|b)*,ab*|(a(a|b)a(a|b)*)
464,a+b,(a|b)a*b
465,(a|b)*baa(a|b)*b,(a*|b*|aa*)b
466,(a|b)a*,(a|b)b*
467,(ab|ba)*,(a|b)b
468,(ab|ba)*,(a|b)b?
469,(a|b)*baa(a|b)*b,a|b*[baa]b
470,(a|(b*bb))*,(b)*(a|b)(b)*
471,a+b,ab*b
472,a+b,ab+
473,(a|baa)*,abb*
474,a(a|b)a(a|b)*,a|(a+b)|a(a+b)*
475,a+b,a|b*a*b
476,b*a*,a(a*)b
477,b*a*,a(a)*b
478,(a|b)(a|b)+aaa+,(ab|aaa)
479,(a|b)(a|b)+aaa+,ab|aaa*
480,b*a*,a+(b*a*)+
481,(a*ba*b)*a*ba*,(((a*)*b)*b)*(b)
482,(a|(b*bb))*,(a|b)(a|bb)*
483,(a*ba*b)*a*ba*,(a)+(ab(bb)+)*
484,(a*ba*b)*a*ba*,((a)*(ab(bb)+))+
485,(ab|ba)*,(aa|bb|ab|ba)*bb
486,(a|b)(a|b)+aaa+,(a|b)(a|b)+bbb+
487,(a|b)*(bab)(a|b)*,(a|b)*aba(a|b)*
488,(a*ba*b)*a*ba*,(a|b)+(a|b)*b
489,(a|b)*baa(a|b)*b,(a|b|baa+)+b
490,a+b,(a|b)+b
491,(a|(b*bb))*,(a|b)*b*b|bb*(a|b)*
492,(a|(b*bb))*,(b?)*b(a|b)*|(a|b)*b(b?)*
493,(a*ba*b)*a*ba*,(a|b)*b|b(a|b)*
494,(a*ba*b)*a*ba*,b|(a|b)(bb|a*|ba*b)*a*
495,a+b,(a|b)*(a)b
496,a+b,(a|b)*(ab)
497,(ab|ba)*,(ab+ba)*(a+b+b?)+a+b?
498,(ab|ba)*,aaa*bbb*(a|b)*
499,b*a*,(b|a)*a
500,b*a*,((a+)|(b*))*a
501,(a|b)(a|b)+aaa+,(a*b*)*a*a*a
502,(a|b)(a|b)+aaa+,(b*a*)*a*a*a
503,(a|(b*bb))*,(b)*(a+b)(b)*
504,(a|b)(a|b)+aaa+,(a+b+)|(b+a+)(aaa)+
505,(a|b)(a|b)+aaa+,(a+b+)|(b+a+)a+a+a+
506,(a|b)(a|b)+aaa+,(a+b+)|(b+a+)(aaa)+a*
507,(a|(b*bb))*,(a+b*b)
508,a+b,(aa*)b+
509,a+b,a+b+
510,a+b,aa*b+
511,b*a*,(a)(a*)*(b*)*(a*)*
512,(ab|ba)*,aabb(a|b)*
513,(a|(b*bb))*,a((ab)|(ba))*
514,(a|b)*baa(a|b)*b,(a*b*)*(abb)(a*b*)*b
515,(a|(b*bb))*,(a+b)*bbb(a+b)*
516,(a|(b*bb))*,(a+b)*(b+b+)(a+b)*
517,(a|(b*bb))*,(a+b)*bb(a+b)*
518,(a|(b*bb))*,(a+b)*b*bb*(a+b)*
519,(a|(b*bb))*,(a+b)*(b)(a+b)*b
520,(a|b)*baa(a|b)*b,(a|b)*abb(a|b)*b
521,(a|b)*baa(a|b)*b,(a|b)*abb+(a|b)*b
522,(a|b)*baa(a|b)*b,(a|b)*abb((a|b)*b)*
523,(a|b)(a|b)+aaa+,(a+b)*(b+aaa)
524,(a*ba*b)*a*ba*,(b*ab*)(ab*ab*)*
525,(a*ba*b)*a*ba*,b*a(b|ab*a)*
526,(a*ba*b)*a*ba*,b*ab*(ab*ab*)*
527,(a*ba*b)*a*ba*,b*a(ab*a|b)*
528,(a*ba*b)*a*ba*,b*a(b*ab*a)*b*
529,a+b,(a+b)+
530,a+b,a(ab)*
531,(a|b)*baa(a|b)*b,(a|ba*)+b
532,(a|(b*bb))*,b*b(a|b)*|(a|b)*bb*
533,(ab|ba)*,(ab+ba)*(a+b+b?)+(a+b)?
534,a+b,a(a*b*)*b
535,a+b,a(a|b)*b
536,a+b,a[ab]*b
537,((a|b)a*ba)*(((a|b)a*b)?),((a|b)a*b)*(a|b)a*ba
538,(a|b)*baa(a|b)*b,(a*b*(baa+)+a*b*)*b+
539,a(a|b)a(a|b)*,a(a+b)+a(a+b)*
540,a(a|b)a(a|b)*,a(a|b)b(a+b)*
541,a(a|b)a(a|b)*,a+(a+b)+a+(a+b)*
542,a(a|b)a(a|b)*,a+a+b+a+(a+b)*
543,((a|b)a*ba)*(((a|b)a*b)?),(a|b)(a|bb|ba(a|b))*(b|ba)
544,(a|b)*baa(a|b)*b,((a*)(b*)baa(a*)(b*))*b
545,((a|b)a*ba)*(((a|b)a*b)?),(a|b)(a|ba(a|b))*(b|ba)?
546,((a|b)a*ba)*(((a|b)a*b)?),(((a|b)a*ba(a|b)|(a|b))(ba(a|b)|a)*ba|((a|b)a*ba))*(((a|b)a*ba(a|b)|(a|b))(ba(a|b)|a)*b|((a|b)a*b?))
547,a(a|b)a(a|b)*,a(a+b)a(a+b)*
548,a(a|b)a(a|b)*,a(a+b)*a
549,(a*ba*b)*a*ba*,((a|b)a+b)+
550,b*a*,(a|b)a+b*a*
551,a(a|b)a(a|b)*,a(a+b)a(a|b)*
552,a(a|b)a(a|b)*,((a|b)aba(a|b)*)
553,a+b,(a|b)*a(a|b)*b(a|b)*
554,(a*ba*b)*a*ba*,(a|ab*b)*ba*
555,(a*ba*b)*a*ba*,aa(b*|ba)
556,a(a|b)a(a|b)*,a(a+b)*a(a+b)*
557,a(a|b)a(a|b)*,(a(a+b)a)
558,a(a|b)a(a|b)*,a(a+b)a
559,a(a|b)a(a|b)*,aa+ba
560,(a*ba*b)*a*ba*,b*(aa)*bb*
561,a(a|b)a(a|b)*,(a(a|b)b)(a|b)*
562,a(a|b)a(a|b)*,a(a|b)b(a|b)*
563,a(a|b)a(a|b)*,(aba|aab)(a|b)*
564,(ab|ba)*,(aa)*b
565,a(a|b)a(a|b)*,a+(a|b)+a+b
566,(a|b)(a|b)+aaa+,(aa|bb)*aaa+
567,a(a|b)a(a|b)*,a(a|b)(a+b)*
568,(a*ba*b)*a*ba*,((aa)|(ab)|(ba)|(bb))*b
569,(a*ba*b)*a*ba*,(aa|ab|ba|bb)*b
570,(a|b)(a|b)+aaa+,(a+b)*aaa
571,(a|b)(a|b)+aaa+,(a|b)(a|b)+aaa(a|b)*
572,(a|b)(a|b)+aaa+,(a|b)(a|b)(a|b*)aaa*
573,(a|baa)*,(a|b)(a|b)+(aaa)+
574,(a|b)(a|b)+aaa+,(aa|ab|ba|bb)aaa+(a|b)*
575,(a|b)(a|b)+aaa+,(a|ba|b)a*aaa
576,(a|b)(a|b)+aaa+,(a|b)|(a|b)aaaa*
577,(a|b)(a|b)+aaa+,ab|ab*aaa
578,(a|b)(a|b)+aaa+,ab*aaa
579,(a|b)(a|b)+aaa+,b*a(a|b)aaa*
580,(a|b)(a|b)+aaa+,(a|b)+(a|b)+(a|b)*aaa*
581,(a|b)(a|b)+aaa+,((a|b)(a|b)+aa+)
582,(a|b)(a|b)+aaa+,(a|b)(a|b)+aa+
583,(a|b)(a|b)+aaa+,(a|b)(a|b)(a|b)*aaa*
584,(a|b)(a|b)+aaa+,(a|b)(a|b)+aaa*
585,(a|b)(a|b)+aaa+,(a|b)(a|b)aaa*
586,(a|b)(a|b)+aaa+,(a|b)(a|b)aa+
587,(a|b)(a|b)+aaa+,"(a|b)(a|b)a{2,}"
588,a(a|b)a(a|b)*,a+(a|b)+a+(ab)*
589,a(a|b)a(a|b)*,a((a|b)+)a(a+b)*
590,a(a|b)a(a|b)*,a(a|b)+a(a+b)*
591,(a|b)(a|b)+aaa+,a(a|b)aaa*
592,a(a|b)a(a|b)*,a(a|b)(a|b)a(a|b)*
593,a(a|b)a(a|b)*,a+(a|b)+a+(b)*
594,a(a|b)a(a|b)*,a(a|b)+a(a|b)*
595,a(a|b)a(a|b)*,a+(a|b)+a+(a|b)*
596,(a|baa)*,"[a-b]b?a{2,}"
597,(a|b)(a|b)+aaa+,aaa(a)*|(a|b)baaa(a)*
598,(a|baa)*,(a*|b*)(aa)+
599,(a|b)(a|b)+aaa+,b*a*aaa
600,(a|b)(a|b)+aaa+,(a*|b*)(aaa)a*
601,(a|b)(a|b)+aaa+,a|b+a|b+a|b*a+a+a+a*
602,(a|b)(a|b)+aaa+,a|ba|ba|b*aaaa*
603,(a|b)(a|b)+aaa+,a|b*aaa
604,(a*ba*b)*a*ba*,a*ab*(ab*ab*)*
605,(a|b)(a|b)+aaa+,(ab)*(ab)*aaa(a)*
606,(a|b)(a|b)+aaa+,(ab)*aaa
607,a(a|b)a(a|b)*,a+(a|b)+a
608,a(a|b)a(a|b)*,(aba|aaa|aab|abb|bba)(a|b)*
609,(a*ba*b)*a*ba*,(a|b)((a|b)(a|b))*
610,(a|b)(a|b)+aaa+,aaa+
611,(a|b)(a|b)+aaa+,aaaa*
612,(a*ba*b)*a*ba*,[a]{1}([a]{2})*
613,(a*ba*b)*a*ba*,(b|a+|a*ba*(ba*ba*)*a*)
614,(a|b)(a|b)+aaa+,aa|bbaaa+
615,(ab|ba)*,((ab)*(a|b)(a|b)|(ba)*(a|b)(a|b))
616,(a|b)(a|b)+aaa+,(aa|bb)|(ab|ba)aaaa*
617,(b|(a*aa))*,(a|b)*aa(a|b)*
618,(a|baa)*,"(a*|b*)a{2,}"
619,(a|baa)*,b*aa+
620,(a|baa)*,"b*a{2,}"
621,(a|baa)*,b*a*(aa)
622,(a|baa)*,((b*)aaa*)
623,(a|baa)*,b*a*aa
624,(a|baa)*,((a|b)|[b]*aa)
625,(a|baa)*,"(a|b*a{2,})"
626,(a|baa)*,(a|b*(aa))
627,(a|baa)*,[b]*[a]{2}
628,(a|baa)*,b*aa
629,(a|baa)*,([b]*aa)
630,(a|b)(a|b)+aaa+,(a|b)a*|b*aaa*
631,(a|baa)*,((a|b)(a)(a)*)
632,(a|baa)*,(a|b)(a)(a)*
633,(a|baa)*,b*a+
634,(a|baa)*,a*(b*aa)*a
635,(a|b)(a|b)+aaa+,aba|b*aaa*
636,(a*ba*b)*a*ba*,(a|bb)b*(a|bb)b*
637,(a|b)(a|b)+aaa+,aa|ab|ba|bb(a|b)*aaaa*
638,(a|b)(a|b)+aaa+,aa|ab|ba|bbaaa+
639,(a|b)(a|b)+aaa+,(ab*)|(ba*)|(aa*)|(bb*)(aaa)
640,(a|b)(a|b)+aaa+,(a|b)(a|b)(a|b)*(aaa(a)*)*
641,(a|b)(a|b)+aaa+,"(a|b)(a|b)(a|b)*(a{3,})*"
642,(a|b)(a|b)+aaa+,(a|b)(a|b)(a|b)*(aaa)*
643,(a|(b*bb))*,(a|b+)+
644,(a*ba*b)*a*ba*,(a|(ab)*b)+(ba)*
645,(a|b)(a|b)+aaa+,(a|b)(a|b)*|aaa*
646,(a*ba*b)*a*ba*,(a|b|bb)+
647,(a*ba*b)*a*ba*,((aa)|(ab)|(ba)|(bb))
648,(a|(b*bb))*,a+b*
649,a+b,a+b*
650,a+b,(a)+(b)*
651,a(a|b)a(a|b)*,a(a|b)(a|b)*
652,a(a|b)a(a|b)*,(a)(a|b)*
653,(a|b)(a|b)+aaa+,"[ab]{2,}"
654,(a|b)(a|b)+aaa+,"a{2,}"
655,(a|baa)*,a|(b|aa*)
656,(a*ba*b)*a*ba*,(a|(bb)*b)
657,(a*ba*b)*a*ba*,(a|(ba*b)*b(a|(ba*b))*)
658,(a*ba*b)*a*ba*,(a|(ba*b)*b(a|(ba*b)))
659,(a|b)*baa(a|b)*b,a|ba*b*(baa)b
660,(a|baa)*,"a|b(ba{2,})*"
661,(a|b)(a|b)+aaa+,"a|b{2,}a{3,}"
662,(a|b)(a|b)+aaa+,a|ba*b*aaa
663,(a|b)*(bab)(a|b)*,(a|b|bab)
664,(a*ba*b)*a*ba*,a|b(a*|ab*ab*)
665,(a|b)(a|b)+aaa+,a|b+(a|b)+aaa
666,(a|b)(a|b)+aaa+,a|b(a|b)+aaa(a)*
667,(a|b)(a|b)+aaa+,a|b(b|ab*)aaa
668,(a|b)(a|b)+aaa+,a|b+a|b+a{3}a*
669,(a|b)(a|b)+aaa+,"a|ba{3,}"
670,(a|b)(a|b)+aaa+,a|ba|baaaa*
671,(a|b)(a|b)+aaa+,a|ba|b+aaa
672,(a|b)(a|b)+aaa+,a|b+aaa
673,(a|b)(a|b)+aaa+,a|b+a|b+aaa
674,(a|baa)*,a|b*b(aa+)
675,(a|b)(a|b)+aaa+,(a|b(aaa))
676,(a|baa)*,a|b*b(aa*)
677,(a*ba*b)*a*ba*,a|b*(b(bb)*)a*
678,(a|baa)*,a|b(a)(a)*
679,(a|baa)*,((a)|(ba(a)*))
680,(a|(b*bb))*,(b*bb*)|a
681,(a|b)(a|b)+aaa+,a|b(a|b)*(aaa)*
682,(b|(a*aa))*,(a|b)(aa)*(a|b)*
683,(a|b)*(bab)(a|b)*,(a|b|bab)+
684,(a*ba*b)*a*ba*,(a|b)+(a|b)*
685,(a|(b*bb))*,a|b
686,a+b,a|b
687,a+b,(a|b)
688,a+b,a(b)*
689,(ab|ba)*,ab*
690,(a*ba*b)*a*ba*,(a)*(aa*)|(bb)*b|a+
691,(a|baa)*,((a)*|(b))(a)(a)*
692,(0*10*10*)*|0*,0*1(0*10*110*)*
693,(0*10*10*)*|0*,0*1(0*|1)1
694,0*10*(10*10*)*,(0*1|0*111+)
695,0*(10*1)*0*,0*1(10*10*)*
696,0*10*(10*10*)*,[0-1]([0-1])?([0-1])?
697,(0*10*10*)*|0*,(1)+(01)+
698,0*10*(10*10*)*,1+(11*)+0
699,(0*10*10*)*|0*,((10*)1*)0*
700,001|1010|110,0*1(01)*1*0*
701,0*10*(10*10*)*,1(11*)
702,0*10*(10*10*)*,1+(11*)
703,0*10*(10*10*)*,(1+(11)*)+0*
704,(0*10*10*)*|0*,0*1(0*|1)
705,(0*10*10*)*|0*,(0*1)+(0*1)+
706,(0*10*10*)*|0*,0*1+1+
707,(0*10*10*)*|0*,0*1(0*1+0*)*
708,(0*10*10*)*|0*,0*1+(0*1+0*)*
709,((0(0*|(1+0))*)|(1(1*|(0+1))*))?,0|1(0|1)*1|0(0|1)*1
710,0*10*(10*10*)*,[0-1]([0-1])?(([0-1])?)*
711,001|1010|110,1+0+11+0+
712,0*10*(10*10*)*,(1(11)*)*0*1(11)*0*(1(11)*)*
713,(0*10*10*)*|0*,0*10*1*1*0
714,(0*10*10*)*|0*,1*10*1*10
715,0*10*(10*10*)*,1+(0*)+(11*)+(0*)
716,(0*10*10*)*|0*,0*1*0*1*1*0
717,(0*10*10*)*|0*,1(0*|1)1
718,(0*10*10*)*|0*,1+(0*|1)1
719,001|1010|110,1*0*011*
720,0*10*(10*10*)*,[0-1]([0-1][0-1])?
721,(0*10*10*)*|0*,1+0(0+1)((1+0)(1+0))*
722,001|1010|110,1+0+011+0+
723,0*10*(10*10*)*,(0|1)*1(0|1)1*0*
724,0*10*(10*10*)*,1+0
725,(0|1)(0|1)|(0|1)(0|1)(0|1),(0+1+0)|(1+1+0)|(1+1)|(0+0)|(1+0)|(0+1)
726,(0|1)(0|1)|(0|1)(0|1)(0|1),(0+1+0)|(1+1+0)|(1+1)|(0+0)|(1+0)
727,0*10*(10*10*)*,(0*1|10*|0*111+|111+0*|0*10*)
728,(0*10*10*)*|0*,0?(0*|1)01*
729,(0|1)(0|1)|(0|1)(0|1)(0|1),[0-1][0-1][0-1]*|[0101]
730,0*10*(10*10*)*,1+(11)*
731,0*10*(10*10*)*,1+
732,0*10*(10*10*)*,10*(10*)*
733,0*10*(10*10*)*,[0-1][0-1]*
734,(0*10*10*)*|0*,0*1(0*1)*0*
735,0+1*,0*1+
736,(0*10*10*)*|0*,0*11*
737,01*10*(10*10*)*,0*(1|1|1)0*
738,(0|1)(0|1)|(0|1)(0|1)(0|1),((0*1+0*1*)+)+
739,0*10*(10*10*)*,(0*10*)*0*10*
740,0*10*(10*10*)*,((0*)1(0*))+
741,(0*10*10*)*|0*,0*1(0|1*)*
742,(0*10*10*)*|0*,0*1(0|1)*
743,(0*10*10*)*|0*,0*1(0|11*)*
744,0*10*(10*10*)*,(0|1)*1(0|1)*1*0*
745,0*10*(10*10*)*,0*(11)*1(0|1)*
746,0*10*(10*10*)*,0*((1)*1)*1(0|1)*
747,0*10*(10*10*)*,0*1(11)*(0|1)*
748,0*10*(10*10*)*,(0|1)*1(0|1)*
749,0(0|1)*0,0*(0|1)0*
750,(0*10*10*)*|0*,(1|01*0)
751,(0*10*10*)*|0*,0*10*11
752,(0*10*10*)*|0*,0*1+0*1+
753,0*10*(10*10*)*,(0)*(111*)(0)*
754,(0*10*10*)*|0*,0*11+0*
755,(0*10*10*)*|0*,0*1+0*1+0*
756,0*10*(10*10*)*,(0*1|10*|0*111+)
757,(0*10*10*)*|0*,(0+1)*11
758,001|1010|110,0*1(01)*(10)*
759,(0*10*10*)*|0*,0*1(0*1)*
760,(0*10*10*)*|0*,0*1(0*1+)*
761,(0*10*10*)*|0*,(0|1)*1
762,001|1010|110,(1|0)(001|1010|110)*
763,(0*10*10*)*|0*,(0*|1)11
764,(0*10*10*)*|0*,0*1(0*10*)*
765,0*10*(10*10*)*,0*(10*1)
766,0(0|1)*0,0*1+0*
767,(0*10*10*)*|0*,0*1(0|11)*
768,(0*10*10*)*|0*,0*1(0*1)*10*
769,0*10*(10*10*)*,(0*(10*1)*0*10*(10*1)*1)
770,((0(0*|(1+0))*)|(1(1*|(0+1))*))?,(0(0|1)*0)|(1(0|1)*0)
771,0(0|1)*0,0+(0*1*0*)*0+|1
772,((0(0*|(1+0))*)|(1(1*|(0+1))*))?,(0(0*1*)*0)|1(0*1*)*1?
773,(0*10*10*)*|0*,0*10*1(1)0*
774,(0*10*10*)*|0*,0*1+0*(1+)*0*
775,001|1010|110,(1|0)(001|10101|110)*
776,(0*10*10*)*|0*,0*1(0*10*10*)+
777,(0*10*10*)*|0*,0*1(0*10*)+
778,0(0|1)*0,(0*1+)(0|1)*(1+0*)
779,(0*10*10*)*|0*,0*01*0*10
780,(0*10*10*)*|0*,(01)+(01)+
781,001|1010|110,(0|1)*0101(0|1)*
782,(0*10*10*)*|0*,0*1(0*10*11)*
783,0*10*(10*10*)*,0*1(11)*(0*|1(11)*)
784,0*10*(10*10*)*,0*1(11)*0*1*
785,(0*10*10*)*|0*,0*10*01*
786,0*10*(10*10*)*,0*1+0*1*
787,0*10*(10*10*)*,0*1+0*1*0*
788,0*10*(10*10*)*,0*1*0*10*1*
789,0*10*(10*10*)*,1|((0|1)*1(0|1)1*0*)
790,0*10*(10*10*)*,1|(0|1)*1(0|1)1*0*
791,001|1010|110,0*10*(10)*
792,(0|1)(0|1)|(0|1)(0|1)(0|1),(0+1+0)|(1+1+0)
793,(0*10*10*)*|0*,0*10*1*0*(1)*
794,001|1010|110,((0|01)(1|10))
795,(0|1)(0|1)|(0|1)(0|1)(0|1),(0+0+0)|(1+0+0)|(0+1+0)|(0+0+1)|(1+1+0)|(0+1+1)|(1+0+1)|(1+1+1)|(1+1)|(0+0)|(1+0)|(0+1)
796,0*10*(10*10*)*,(1(11)*|0*)1(11)*(1(11)*|0*)
797,(0|1)(0|1)|(0|1)(0|1)(0|1),[0-1][0-1][01]*[10]*
798,(0|1)(0|1)|(0|1)(0|1)(0|1),(0+1)|0
799,(0|1)(0|1)|(0|1)(0|1)(0|1),[0-1][0-1][0-1]*[0-1]*
800,001|1010|110,(0|01)
801,001|1010|110,(0|1)*01+(0|1)
802,0(0|1)*0,(0|(0|1)*0)
803,(0*10*10*)*|0*,(1|0)0*1+
804,001|1010|110,1*0*011*0*
805,001|1010|110,1*0*01*0*
806,(0|1)(0|1)|(0|1)(0|1)(0|1),0+1+
807,(0|10*1)*,(0+1)*11(0+1)*
808,001|1010|110,(001|1010|110)+
809,((0(0*|(1+0))*)|(1(1*|(0+1))*))?,(0(0|1)*1)|(1(1|0)*0)
810,((0(0*|(1+0))*)|(1(1*|(0+1))*))?,(0(0*1*)*1)|(1(0*1*)*0)
811,0(0|1)*0,0(0|1)*1
812,001|1010|110,(0+1)*01(0+1)*
813,001|1010|110,(0|1)*01(0|1)*
814,001|1010|110,001|10101|110
815,001|1010|110,(001|10101)|110
816,001|1010|110,001|110|10101
817,001|1010|110,(001|10101|110)
818,001|1010|110,(001)|(10101)|(110)
819,001|1010|110,((001)|(10101)|(110))
820,001|1010|110,001|10101|110|1010
821,001|1010|110,001|10101|1010|110
822,001|1010|110,001|110|10101|1010
823,001|1010|110,0+0+1
824,(0|1)(0|1)|(0|1)(0|1)(0|1),((0|1)(0|1))+((0|1)(0|1)(0|1))
825,(0|1)(0|1)|(0|1)(0|1)(0|1),(0|1)(0|1)+(0|1)(0|1)(0|1)
826,(0|1)(0|1)|(0|1)(0|1)(0|1),(0|1)(0|1)(0|1)((0|1)?)
827,0*10*(10*10*)*,(0(1*)00)
828,(0|1)(0|1)|(0|1)(0|1)(0|1),"(0|1|10|11){2,3}"
829,(0|1)(0|1)|(0|1)(0|1)(0|1),(0|1)+(0|1)+(0|1)
830,(0|1)(0|1)|(0|1)(0|1)(0|1),(0|1)(0|1)+(0|1)
831,(0|1)(0|1)|(0|1)(0|1)(0|1),(0|1)(0|1)(0|1)(0|1)*
832,0*10*(10*10*)*,(00|01|10|11|000|111|100|010|001|110|101|011)
833,(0|1)(0|1)|(0|1)(0|1)(0|1),(0|1)(0|1)?(0|1)?
834,(0*10*10*)*|0*,0?0|111*
835,1*(01*01*01*01*)*,(0|1)*1*01*0
836,(0*10*10*)*|0*,1*1*0*1*1*0
837,0*10*(10*10*)*,(0*|1(11)*)(0+|1(11)*)
838,((0(0*|(1+0))*)|(1(1*|(0+1))*))?,(0*1*)*0+|(1*0*)*1+
839,0*10*(10*10*)*,(0|1(11)*)+
840,0(0|1)*0,0(0|1)0*
841,(0|1)(0|1)|(0|1)(0|1)(0|1),[0-1][0-1][0-1]*
842,0(0|1)*0,0+(0*1*0*)*
843,(0*10*10*)*|0*,0|111*
844,(0|1)(0|1)|(0|1)(0|1)(0|1),(0|1)|(0|1)|(0|1)
845,(0|1)(0|1)|(0|1)(0|1)(0|1),0|1
846,001|1010|110,[001]|[10101]|[110]
847,001|1010|110,0|0|1
848,((0(0*|(1+0))*)|(1(1*|(0+1))*))?,1(0|1)*1|0(0|1)*0?
849,0(0|1)*0,0+(0|1)*
850,(a|baa)*,(a)*(baa)*((a)*(bbb)*)*
851,(a|(b*bb))*,(bb)*(ab)*(bb)*
852,(a|(b*bb))*,(a|bb)*|(b|bb)*
853,(a|(b*bb))*,((a|b)*(ab|b)b+(a|b)*b(ba|b)+a*)*
854,(a|(b*bb))*,((a|b)*(ab|b)b+(a|b)*b(ba|b))*
855,(a*ba*b)*a*ba*,(a*ba*(bb)*a*)|(a*bba*(b)*a*)*
856,(a*ba*b)*a*ba*,(a*ba*)?(a*ba*ba*ba*)*
857,(a*ba*b)*a*ba*,(a*ba*b*b)*
858,(a*ba*b)*a*ba*,(a*ba*bb*)*
859,(a|baa)*,(b+(a+)(a+)a*)*
860,(a|(b*bb))*,b*(ba+ab)*b*
861,(a*ba*b)*a*ba*,(b(aa)*(bb)*)*
862,(a|b)(a|b)+aaa+,(ab)*|(ba)*|(aa)*|(bb)*(aaa)
863,(a|(b*bb))*,(b+a)*
864,(a|baa)*,(ba*)*
865,(a*ba*b)*a*ba*,(b(a)*(bb)*)*
866,(a|(b*bb))*,((a|b)*(bb)(a|b)*)*
867,(a|(b*bb))*,(a*ba*ba*)*
868,(a*ba*b)*a*ba*,(a*ba*ba*)*
869,(a|baa)*,b*|a*aa
870,(a|(b*bb))*,(b+a)*(bb)*(b+a)*
871,(a|(b*bb))*,(a)*(bb)*(b+a)*
872,(a|(b*bb))*,(ba*b)*
873,(a|b)*(bab)(a|b)*,(bab)*
874,(a|(b*bb))*,(bb+a)*(b+a)*
875,(a*ba*b)*a*ba*,(ba|bb)*(a|bb)*
876,(ab|ba)*,(ba)*(ab+ba)*(ba)*
877,(ab|ba)*,(ab|ba)*(ab+ba)*
878,(a|baa)*,((b)(a)(a)*(a*))*
879,(ab|ba)*,(ab)*|(ba)*|(a(bb)*a)*
880,(a|b)*(bab)(a|b)*,((a|b)*bab(a|b)*)*
881,(a*ba*b)*a*ba*,((a+ab+ba+bb)*b)*
882,(a|baa)*,"(b|a{2,})*"
883,(ab|ba)*,(ab)*(ba)*(ab+ba)*(ba)*(ab)*
884,(a|b)*baa(a|b)*b,"(ba{2,})*"
885,(a|(b*bb))*,(a)*b*(ba+ab)*b*(a)*
886,(a|(b*bb))*,a*b*(ba+ab)*b*a*
887,(ab|ba)*,(ba+ab)*
888,(a|b)(a|b)+aaa+,(a*b|aaa)*
889,(a|(b*bb))*,a*b*(ab+ba+b)*b*a*
890,(a|(b*bb))*,a*b*(ab+ba)*b*a*
891,(a|baa)*,(a*b*(aa)a*)*
892,(a|baa)*,((a*b*aa)a*)*
893,(a|baa)*,((b)*(a)+(a)+)*
894,(a|baa)*,((b*)(a)(a)(a*))*
895,(a|baa)*,((b)*(aa)[a]*)*
896,(a|(b*bb))*,(a+ab+b)*(ba+a)*
897,(a|baa)*,(b*(aa+))*
898,(ab|ba)*,(ab(a|b)*)*((a|b)(a|b))*
899,(a|(b*bb))*,(a*bb*a*)|a?
900,(a*ba*b)*a*ba*,(ba*(bb)*)*
901,(ab|ba)*,((ab)*(ba)*)|abb*ba
902,(ab|ba)*,(ab)*(ba)*|abbba
903,(a*ba*b)*a*ba*,(a*([b](bb)*)a*)?
904,(a|baa)*,a*|baa*|a*baa*|abaa*baa*
905,(a*ba*b)*a*ba*,((b)(a))*
906,(a*ba*b)*a*ba*,((a*ba*ba*)*ba*)*
907,(a*ba*b)*a*ba*,((a)*|b)(a|bb)*|b
908,(a*ba*b)*a*ba*,(a*ba*)*
909,(a*ba*b)*a*ba*,(a*ba*b*)*
910,(a|(b*bb))*,(a*((bb*)+(bbb)*)a*)*
911,(a*ba*b)*a*ba*,(a*b+a*)*
912,(b|(a*aa))*,b*(aa*)*b*
913,(a*ba*b)*a*ba*,(a*(ba*ba*)*ba*)*
914,(a|(b*bb))*,b*a*(b?)*a*b*
915,(a|(b*bb))*,(a*b(b+)*a*)*
916,(a*ba*b)*a*ba*,(a*ba*a*)*
917,(b|(a*aa))*,(b*|ab+)*aa(a+b)*|b*
918,(b|(a*aa))*,b*|(a|b)*aa(a|b)*
919,(b|(a*aa))*,(b*|ab+)*aa(a|b)*|b*
920,(b|(a*aa))*,(b*|ab)*aa(a|b)*|b*
921,(a|baa)*,(b*(aaa*)*)
922,(a|baa)*,b*(aa+)*
923,(a*ba*b)*a*ba*,(b|bbb)*
924,(a|(b*bb))*,(b?)*b*(b?)*
925,(a|(b*bb))*,(b)*
926,(a|(b*bb))*,b*
927,(a*ba*b)*a*ba*,b*(b*b*)
928,(a|(b*bb))*,(bb*)*
929,(a*ba*b)*a*ba*,a*b*(a*ba*b)*a*
930,(a|(b*bb))*,(a*(bb*)*a*)*
931,(a|(b*bb))*,(a*(bb)*b*a*)*
932,(a|baa)*,[a]*[baa]*
933,(a*ba*b)*a*ba*,([ab](a)*(bb)*)*
934,(a|(b*bb))*,(a*(bb*)*)*
935,(a*ba*b)*a*ba*,(a*)(a*|(bb(b))*)*
936,(a|baa)*,(a)*(bbb)*((a)*(bbb)*)*
937,(a|(b*bb))*,(a)*(bb)*(a)*(b)*
938,(a|(b*bb))*,a*(bb)*(a)*b*
939,(ab|ba)*,(ab|ba)*(aa|bb)*(ab|ba)*
940,(ab|ba)*,(ab+ba)*
941,(ab|ba)*,(ab|ba)*(aa|bb)*
942,(ab|ba)*,((ab)*(ba)*)*|abb*ba
943,((a|b)a*ba)*(((a|b)a*b)?),((a|b)a*ba)*((a|b)a*b)*
944,((a|b)a*ba)*(((a|b)a*b)?),((a|b)a*ba)*|((a|b)a*b)*
945,((a|b)a*ba)*(((a|b)a*b)?),((a|b)(a*)b)*|((a|b)(a*)ba*)
946,(a|(b*bb))*,(a)*(bb(b)*)*(b+a)*
947,(ab|ba)*,(ab|ba)*(aa|bb)?
948,(a|(b*bb))*,(ab+b)*(ba+a)*
949,((a|b)a*ba)*(((a|b)a*b)?),((((a|b)a*b)*a)*)?
950,(a|(b*bb))*,b*(ab+ba+b)*b*a*
951,(a|baa)*,(abb)*
952,(a|(b*bb))*,b*(ab+ba+b)*
953,(ab|ba)*,(ab+ba)*(ba+ab)*
954,(a|(b*bb))*,(a)*(bb+a)*(b+a)*(a)*
955,(ab|ba)*,(ab+ba?)*
956,(ab|ba)*,(ab+aa+bb+ba)*(a+b)*
957,(ab|ba)*,(ab+ba)*(a+b)*
958,(ab|ba)*,(ab+ba)*(ab+ba)*(aa+bb+ab+ba)*
959,(ab|ba)*,(ab+ba)*(aa+bb+ab+ba)*
960,(ab|ba)*,(ab+ba)*(aa+bb)*
961,(ab|ba)*,(ab+ba)*(aa+ab+ba+bb)*
962,(ab|ba)*,(ab+ba)?(ab+ba)*(aa+bb+ab+ba)*
963,(a|baa)*,a*|(a|b)*aa
964,(a|baa)*,(((b)*(a)(a))*(a*))*
965,(a|baa)*,((b+a+a)*a*)*
966,(a|baa)*,(a*|b*aa)*
967,(a|baa)*,a*(b+aaa*)*
968,(a|baa)*,(a|(b*aa+))*
969,(a|baa)*,(((b*)(a)(a))*(a*))*
970,(a|baa)*,"(a*(b*a{2,})*)*"
971,(a|baa)*,a*|(a*b*aa)*
972,(a|baa)*,a*(b+aa)*a*
973,(a|baa)*,((a)*(b+aa)+)+|[a]*
974,(ab|ba)*,(ab)*(aa|bb)*(ba)*(a+b)*
975,(a|(b*bb))*,(a)*b*(ba+ab+b)*b*(a)*
976,(ab|ba)*,(ab+ba+aa+bb)*
977,(a|b)(a|b)+aaa+,(a|b+aaa)*
978,(a|b)(a|b)+aaa+,a*(b*aaaa*)*
979,(a|baa)*,(a)*(b|aa)*(a)*(b|aa)*(a)*
980,(a|baa)*,(a)*(b|aa)*(a)*(b|aa)*
981,((a|b)a*ba)*(((a|b)a*b)?),(a|ba*ba)*|(a|ba*b)
982,(a|(b*bb))*,(bb|a)*b*
983,(a*ba*b)*a*ba*,(a|bb)*(a|bb)*
984,(a|(b*bb))*,(a*|(bb)*)*b*
985,(a|(b*bb))*,a?(a|bb)*b*
986,(b|(a*aa))*,(b*(aa?))*
987,b*a*,(b*a+)*
988,b*a*,a+|(b*a)*
989,b*a*,(a+|b*a)*
990,b*a*,(a*|(b*aa*)*)
991,(a|baa)*,(a|(b*a(a)*))*
992,(a|(b*bb))*,((a|b)*(ab|b)b)*
993,(a|b)(a|b)+aaa+,a*b*(aaaa*)*
994,(a|(b*bb))*,a*b*a*
995,b*a*,a*b*a*
996,(a|(b*bb))*,((a)*b*b(bb)*b*(a)*)|((a)*b*(bb)*b*(a)*)
997,(a|(b*bb))*,(a)*b*(bb)*b*(a)*
998,(a|(b*bb))*,(a)*(bb)*b*(a)*
999,(a*ba*b)*a*ba*,a*(b*|bbb*)a*
1000,(a|(b*bb))*,(a)*b*(b+bb)*b*(a)*
1001,(a*ba*b)*a*ba*,a*(b|bbb)*a*
1002,(a|(b*bb))*,a*b*(bb)*b*a*
1003,(a*ba*b)*a*ba*,"a*(b|bb{2,})*a*"
1004,(a|(b*bb))*,(a*(bb*)*a*)
1005,(a|(b*bb))*,a*(b+)*a*
1006,(a*ba*b)*a*ba*,a*(bb)*b*a*
1007,(a|(b*bb))*,a*(bb*)*a*
1008,(a|(b*bb))*,a*(b|bb|bbb)*a*
1009,(a*ba*b)*a*ba*,a*(b(bb)*)*a*
1010,b*a*,(a)*a*b*a*
1011,b*a*,a+b*a*|b*a*
1012,b*a*,(a*)(b*)(a*)
1013,b*a*,(a+)*b*a*
1014,(a|(b*bb))*,a*b*a*b*
1015,(a|(b*bb))*,(ab|ba|b)*
1016,(a|(b*bb))*,((ab)|(ba))*
1017,(ab|ba)*,(ab|aabb|ba)*
1018,(ab|ba)*,((ab)*(ba)*)*|(aa|ab|ba|bb)*(a|b)
1019,(ab|ba)*,((ab)|(ba))*|(a|b)((a|b)(a|b))*
1020,(a|b)(a|b)+aaa+,(ab|ba)*(aaa)*
1021,(ab|ba)*,(ab|ba)*(aabb+bbaa+ba+ab)*
1022,(ab|ba)*,(ab|ba)*(aabb+bbaa+ab+ba)*
1023,(ab|ba)*,(ab|ba)*(aabb+bbaa+baba+abab)*
1024,(ab|ba)*,(ab|ba)*(aa+bb+ab+ab)*
1025,(ab|ba)*,(ab|ba)*(aa+bb+ba+ab)*
1026,(ab|ba)*,(ab|ba)*(aa+bb+ab+ba)*
1027,(ab|ba)*,((ab)*(ba)*)*(a|b)?
1028,(ab|ba)*,(ba+ab)*(ab)*(ba)*(ab)*
1029,(a|(b*bb))*,a*b*(b+ab+ba+b*)*b*a*
1030,((a|b)a*ba)*(((a|b)a*b)?),(((a|ba*b)*a)*)?
1031,(ab|ba)*,(b*ab*ab*)*
1032,(b|(a*aa))*,(b*|a*ab*|aa*b*)(b*|aa*b*|a*ab*)(b*|aa*b*|a*ab*)
1033,(a|(b*bb))*,(a*(ba*b)*a*)*
1034,(a*ba*b)*a*ba*,(a|ba*b)*
1035,((a|b)a*ba)*(((a|b)a*b)?),(a?)|((a|b)a*b(a?))*
1036,(a*ba*b)*a*ba*,b*((ab)*(ab)*)*
1037,(a|(b*bb))*,(a)*(bb+bbb)*(a+b)*
1038,(a|(b*bb))*,(a)*(bb+bb)*(a+b)*
1039,(ab|ba)*,(ab|ba)*|(ab|bb)*
1040,(ab|ba)*,(ab|ba?)*(aa|ab|bb|ba)*
1041,(a|(b*bb))*,(ab)*|(ba)*
1042,(ab|ba)*,(ab|ba)*|(aa|ab|bb)*
1043,(a|baa)*,(a|(b*aa))*
1044,(a|baa)*,(a|(a*b*(aa)a*)*)*
1045,(a|baa)*,(a*)+(a*|(b+a+a))+(a*)
1046,(a|baa)*,((a)*(b+aa+))+|[a]*
1047,(a|baa)*,a*((b+aa)*a*)*
1048,(a|baa)*,(a*)+(a*|b+a+a)+(a*)
1049,(a|(b*bb))*,(a|b)*bb(a|bb)*|a*
1050,(a|(b*bb))*,(a*(b+a*b+)*a*)*
1051,(ab|ba)*,(a*b*)(ab|ba|aa|ab)*
1052,((a|b)a*ba)*(((a|b)a*b)?),(a?)|(((a|b)a*b)|((a|b)a*ba)*)
1053,(a|(b*bb))*,(baa|a)*
1054,(a*ba*b)*a*ba*,a*(baaa*)*
1055,(a|b)(a|b)+aaa+,a*(b(aa+))*
1056,(a*ba*b)*a*ba*,(a|ba+a)*
1057,(a|b)*baa(a|b)*b,(a)*(baa)*((a)*(baa)*)*
1058,(a|b)*(bab)(a|b)*,a*(b|aba)*
1059,(ab|ba)*,((ab)*(ba)*)*|abb*a*b*ba
1060,(b|(a*aa))*,(b*|a+ab*|aa+b*)(b*|aa*b*|a+ab*)(b*|aa+b*|a+ab*)
1061,(a|b)*baa(a|b)*b,(((a|b)+)?(baa)a*b)*
1062,(a|b)(a|b)+aaa+,a*(baaaa*)*
1063,a(a|b)a(a|b)*,(a)*(aaa)*(aba)*(a+b)*
1064,a(a|b)a(a|b)*,(aaa)*(aba)*(a+b)*
1065,((a|b)a*ba)*(((a|b)a*b)?),((a|b)a*ba)*((a|b)a*b)?a?
1066,(b|(a*aa))*,a*b*(aa)*b*
1067,(ab|ba)*,((ab|ba)+(aa|bb|ba|ab)*)?
1068,(a*ba*b)*a*ba*,b*(ab*a)*b*
1069,(a|baa)*,(a|b(aa*))*
1070,(a|baa)*,a*(baa*|a*)*
1071,(a|baa)*,a*(baa*)*
1072,(a|baa)*,(baa*|a*)*
1073,(a|baa)*,(a*|baa*)*
1074,(a*ba*b)*a*ba*,(a|ba|bb)*
1075,(a|(b*bb))*,a*(b*(bb)*)*a*(b*(bb)*)*a*
1076,(a|baa)*,"(a*b+a{2,})*"
1077,(a|baa)*,"((a)*(b)+a{2,})*"
1078,(a*ba*b)*a*ba*,a*(b|(b((a*b{2})+a*))*)a*
1079,((a|b)a*ba)*(((a|b)a*b)?),(a?)|((a|b)a*b(a?))
1080,(a*ba*b)*a*ba*,(a*ab*ab*)*
1081,(a*ba*b)*a*ba*,((a)*b(a)*(bb)*)*
1082,(a*ba*b)*a*ba*,((a|(bb))*b[a]*)*
1083,(b|(a*aa))*,(b*(aa*)b*)*
1084,(a*ba*b)*a*ba*,a*b|(a*ba*(bb)*a*)*
1085,(a|b)*(bab)(a|b)*,(ab)*
1086,(a*ba*b)*a*ba*,((a)(b))*
1087,(ab|ba)*,(ab|aabb|ba|bbaa)*
1088,(a*ba*b)*a*ba*,b|a*(bb|a)*
1089,b*a*b*|(a*bb+a*)*,(b|aa*bb)*((aa*(b?))?)
1090,(a|b)*(bab)(a|b)*,(a+b+bab)*
1091,((a|b)a*ba)*(((a|b)a*b)?),((a|b)(a|bb|ba(a|b))*(b|ba))?
1092,((a|b)a*ba)*(((a|b)a*b)?),((a|b)a*ba*)*
1093,((a|b)a*ba)*(((a|b)a*b)?),(((a|b)a*b)a*)*
1094,(b|(a*aa))*,(a+b*bb)*
1095,(a|baa)*,(a|abb+)*
1096,(ab|ba)*,(ab)*(ba)*(aa+bb+ab+ba)*(ba)*(ab)*
1097,(a*ba*b)*a*ba*,(a*b{1})?((a*b{2})*(b{1}a*b{1})*)*
1098,(a|baa)*,"(a*ab{2,})*"
1099,(a|baa)*,"(a*(ab{2,})*)*"
1100,(ab|ba)*,(aa*bb*)*
1101,(a|(b*bb))*,(a+b(b*))*
1102,(a|(b*bb))*,(a+bb*)*
1103,(ab|ba)*,(a+b+a+b+)*
1104,(ab|ba)*,(ab|aa|bb|ba)*(a+b)*
1105,(a|(b*bb))*,(a*b)*
1106,a+b,(a*b)*
1107,(a|(b*bb))*,(a+b|b)*
1108,(a|(b*bb))*,(a*b+)*
1109,(a*ba*b)*a*ba*,(a*(b|bbb))*
1110,(a|(b*bb))*,(a*(bb*))*
1111,(a*ba*b)*a*ba*,(a*(bb(a*))*b)*
1112,a+b,((a*)b)*
1113,a+b,(a*(b))*
1114,((a|b)a*ba)*(((a|b)a*b)?),((a|b)a*b+a)*((a|b)a*b+)?
1115,(ab|ba)*,(aabb)*
1116,(a|baa)*,(a(a*b*(aa)a*)*)*
1117,(a|b)*baa(a|b)*b,((a|b)+(baa)a*b)*
1118,(a|(b*bb))*,(a|ab|ba)*
1119,(a|baa)*,a*|(b*aa)*a*
1120,(a|b)*(bab)(a|b)*,(bab)*a*b*(bab)*
1121,(a|b)*(bab)(a|b)*,(a|bab)*(b|aba)*
1122,(a|b)*(bab)(a|b)*,a*|b*|(a|bab)*(b|aba)*
1123,((a|b)a*ba)*(((a|b)a*b)?),((((a|b)a*ba))|((a|b)a*b))*
1124,((a|b)a*ba)*(((a|b)a*b)?),(((a|b)a*b)|((a|b)a*ba))*
1125,((a|b)a*ba)*(((a|b)a*b)?),((((a|b)a*b))|((a|b)a*ba))*
1126,((a|b)a*ba)*(((a|b)a*b)?),(((a|b)a*ba)|((a|b)a*b))*
1127,((a|b)a*ba)*(((a|b)a*b)?),((((a|b)a*b)|(((a|b)a*ba)*))*)?
1128,((a|b)a*ba)*(((a|b)a*b)?),((((a|b)(a*)ba)*)|((a|b)(a*)b))*
1129,((a|b)a*ba)*(((a|b)a*b)?),((aa*ba?)|(ba*ba?))*
1130,((a|b)a*ba)*(((a|b)a*b)?),(((a|b)a*ba)*|((a|b)a*b))*
1131,((a|b)a*ba)*(((a|b)a*b)?),(((a|b)a*b(a?))?)*
1132,((a|b)a*ba)*(((a|b)a*b)?),(((a|b)a*(b|ba))*)?
1133,((a|b)a*ba)*(((a|b)a*b)?),((a|b)a*b((a?)|(bb?)))*|((a|b)a*ba)*
1134,((a|b)a*ba)*(((a|b)a*b)?),((a|b)a*b(a?))*|((a|b)a*ba)*
1135,((a|b)a*ba)*(((a|b)a*b)?),(((a|b)((a*b)|(a*ba)))*)?
1136,((a|b)a*ba)*(((a|b)a*b)?),(((a|b)a*ba)*|((a|b)a*b)?)*
1137,(a|(b*bb))*,(a+b)*(bb+bbb)*(a+b)*
1138,(a|(b*bb))*,(a+b)*(b+bb)*(a+b)*
1139,(a|(b*bb))*,(a+b)*(bb)*(a+b)*
1140,(a|(b*bb))*,(a+b)*b*(a+b)*
1141,(a|b)*(bab)(a|b)*,(a+b)*(bab)*(a+b)*
1142,(ab|ba)*,((a+b)(a+b))*
1143,((a|b)a*ba)*(((a|b)a*b)?),((a|b)a*b(a(a|b)a*b)*)*
1144,((a|b)a*ba)*(((a|b)a*b)?),((((a|b)a*ba)|((a|b)a*b))*)?
1145,((a|b)a*ba)*(((a|b)a*b)?),((a|b)a*(ba|b))*
1146,((a|b)a*ba)*(((a|b)a*b)?),(((a|b)(a*))(b|ba))*
1147,((a|b)a*ba)*(((a|b)a*b)?),(((a|b)a*b)|((a|b)a*ba))*((a|b)a*b)?
1148,((a|b)a*ba)*(((a|b)a*b)?),(((a|b)(a*))(ba))*(((a|b)(a*))(b|ba))*
1149,((a|b)a*ba)*(((a|b)a*b)?),((a|b)a*(b|ba))*
1150,((a|b)a*ba)*(((a|b)a*b)?),((((a|b)a*b)+(a?))*)?
1151,((a|b)a*ba)*(((a|b)a*b)?),((a|b)a*b(a?))*
1152,((a|b)a*ba)*(((a|b)a*b)?),((a|b)a*ba?)*
1153,((a|b)a*ba)*(((a|b)a*b)?),(((a|b)a*(b|ba))+)?
1154,(a|(b*bb))*,b*(a+b)*b*
1155,(a|(b*bb))*,(a+b)*(bb)*
1156,(a|(b*bb))*,(a+b)*|(bb)*
1157,(a|(b*bb))*,(bb)*|(a+b)*
1158,(ab|ba)*,(a+b)*|(b+a)*
1159,(a|b)*(bab)(a|b)*,(a+b)*|bab|(a+b)*
1160,(ab|ba)*,(a+b|b+a)*
1161,(ab|ba)*,(aa*bb*)*(aa+bb)*
1162,(a|(b*bb))*,(a+b*bb*)*
1163,((a|b)a*ba)*(((a|b)a*b)?),(((a|b)a*b)((a|b)a*ba)*)?
1164,(a|baa)*,((b|a)a+a*)*
1165,(ab|ba)*,((a+b)(a+b))*(a+b)*
1166,a+b,(aa*b)*
1167,((a|b)a*ba)*(((a|b)a*b)?),(((a|b)a*b)(a(a|b)a*ba)*)?
1168,(a|b)(a|b)+aaa+,(a*baaa)*
1169,a(a|b)a(a|b)*,(a(a+b)a)*
1170,(a|baa)*,(b|aa)*
1171,((a|b)a*ba)*(((a|b)a*b)?),((a|b)a*b+a*)*
1172,(a|baa)*,(b|aa)*(a)*
1173,(ab|ba)*,(ab?)*
1174,b*a*,(a+b)*a*
1175,((a|b)a*ba)*(((a|b)a*b)?),((a|b)a*b)*
1176,a(a|b)a(a|b)*,(aba+aaa)*(a+b)*
1177,a(a|b)a(a|b)*,a|(a+b)|a|(a+b)*
1178,(ab|ba)*,(a+b)*(a+b)*
1179,(a|(b*bb))*,(a+b)*
1180,a+b,(a+b)*
1181,(ab|ba)*,(aa+ab+bb+ba)*
1182,(ab|ba)*,(aa+ab+ba+bb)*
1183,(a*ba*b)*a*ba*,b*(ab*ab*)*
1184,(a|b)(a|b)+aaa+,(a*b*aaa)*
1185,(b|(a*aa))*,(b*a*aa+b*a*a+|b*)
1186,(a*ba*b)*a*ba*,((aa)*[b](bb)*)?
1187,(ab|ba)*,(aa|bb|ab)*
1188,(ab|ba)*,(ab)*|(aa|ab|bb)*
1189,(ab|ba)*,(aa|bb)*
1190,(ab|ba)*,((aa)*|(bb)*)((aa)*|(bb)*)*
1191,(ab|ba)*,((bb)*|(aa)*)*
1192,(ab|ba)*,((aa)*|(bb)*)(aa|bb)*
1193,(ab|ba)*,((aa)+(bb))*
1194,(ab|ba)*,((aa)*b)*
1195,(a|baa)*,(b*(aa)+)*
1196,(ab|ba)*,(ab|ba)*(ab|ba|aa|ab)*
1197,(ab|ba)*,(aa|ab|ba|ba)*
1198,(ab|ba)*,(ab)*(ab|ba|aa|ab)*
1199,(a|b)(a|b)+aaa+,(ab|aaa)*
1200,a(a|b)a(a|b)*,aaa|(a+b)*|aba(a+b)*
1201,(ab|ba)*,((aa)*|(bb)*)((aa)*|(bb)*)*|(ba|ab)(ab|ba)*|(aa)*|(bb)*
1202,(ab|ba)*,((aa)*|(bb)*)((aa)*|(bb)*)*|(ba|ab)(ab|ba)*|aa|bb
1203,(ab|ba)*,(ab|ba)*|(aa|bb)*
1204,(ab|ba)*,((aa)*|(bb)*)((aa)*|(bb)*)*|(ba|ab)(ab|ba)*
1205,(ab|ba)*,(aa|bb)*|(ab|ba)*
1206,(ab|ba)*,(ab)*|(ba)*|(aa)*|(bb)*
1207,a(a|b)a(a|b)*,((aaa)|(aba))*
1208,a(a|b)a(a|b)*,(aaa|aba)*
1209,a(a|b)a(a|b)*,(a(a|b)a)*
1210,(a|baa)*,a*|(b*aa)*
1211,(a|baa)*,b*(aa)*
1212,(ab|ba)*,(aa)*(bb)*
1213,(b|(a*aa))*,(b*aa(a+b)*)*
1214,(ab|ba)*,(bb?|aa|(ab|ba)*)*((aa)?|(bb)|(ab)|(ba))*
1215,(ab|ba)*,(bb|aa|ab|ba)*
1216,(ab|ba)*,(bb|aa|(abab|aabb)*)*((aa)|(bb)|(ab)|(ba))*
1217,(ab|ba)*,(aabb|abab|abba|bbaa|baba|baab)*(aa|ab|ba|bb)*
1218,(ab|ba)*,((ab)|(ba))*((a|b)(b|a))*
1219,(ab|ba)*,(ab|ba)*((a|b)(a|b))*
1220,(ab|ba)*,((ab)*(a|b)(a|b)|(ba)*(a|b)(a|b))*
1221,(ab|ba)*,(ab|ba|aa|bb)*
1222,(ab|ba)*,(aa|bb|ab|ba)*(aa|bb)*
1223,(ab|ba)*,(ab(ab)*)*((a|b)(a|b))*
1224,(ab|ba)*,((aa)*|(bb)*)(aa|bb|ab|ba)*
1225,(ab|ba)*,(aa|bb|ab|ba)*
1226,(ab|ba)*,((aa)|(ab)|(ba)|(bb))*
1227,(ab|ba)*,((aa)|(bb)|(ab)|(ba))*
1228,(ab|ba)*,((ab)|(ba))*((a|b)(a|b))*
1229,(ab|ba)*,(bb|aa|(aabb|abab|abba|baba|bbaa|baab)*)*((aa)|(bb)|(ab)|(ba))*
1230,(ab|ba)*,(aa|ab|bb|ba)*
1231,(ab|ba)*,(aa|ab|ba|bb)*
1232,(a|(b*bb))*,a*|(ab)*|(ba)*
1233,(a|(b*bb))*,(ab*b)|(a*)
1234,a(a|b)a(a|b)*,(a(a|b)a(a|b)*)*
1235,(a*ba*b)*a*ba*,a*|b(a*)(bb)*
1236,(ab|ba)*,(aa|bb)|(ab|ba)*
1237,(a|(b*bb))*,b*a*b*a*b*
1238,(a|baa)*,a*|baa*|a*baa*|baa*baa*
1239,(a|b)*baa(a|b)*b,(a)*|(b)*baa(ab)*b+
1240,(a|baa)*,(a*)|(a*baa*)|(baa*)*
1241,(a|b)*baa(a|b)*b,a*|b*(baa+)*b
1242,(a|(b*bb))*,b*(ba+ab)*b*(a)*
1243,(a|baa)*,(a*|b*)(aa)*
1244,(a|b)(a|b)+aaa+,a*|b*aaa
1245,(a|baa)*,"a*|[b]*[a]{2,}"
1246,(a|baa)*,a*|[b]*[a]{2}
1247,(a|baa)*,a*|b*aa+
1248,(a|baa)*,a*|b*(aa)
1249,(a|(b*bb))*,(a)*(ab+b)*(ba+a)*
1250,(a|baa)*,a*|baa*|abaa*
1251,(a|baa)*,a*|baa*
1252,(a|baa)*,(a)*|(b)(a)(a)*
1253,(a|baa)*,(a*|baa*)
1254,(a|baa)*,((a*)|(ba(a)*))
1255,(ab|ba)*,(aa|ba)*
1256,(a*ba*b)*a*ba*,((a)*|(b))(bb|aa)*
1257,(ab|ba)*,(ab)*|(ba)*|(a(bb)*a)
1258,(a|(b*bb))*,a*(bb)*(a+b)*
1259,(a|(b*bb))*,a*|(a+b)*
1260,(a*ba*b)*a*ba*,(a*b*ab*ab*)*
1261,(a*ba*b)*a*ba*,"a*b|(bb{2,})*a*"
1262,b*a*,a+[ba]*|(b*a*)
1263,(ab|ba)*,((ab|ba)*|(aabb|bbaa)*)*(aa|ab|ba|bb)*
1264,(ab|ba)*,(ab|ba|aabb|bbaa)*(aa|bb|ab|ba)*
1265,(ab|ba)*,((a|b)(a|b))*
1266,(ab|ba)*,(ab)*((a|b)(a|b))*
1267,(ab|ba)*,(ab|ba)*(aa|ab|ba|bb)*|(aabb|bbaa)*|(aa|ab|ba|bb)*
1268,(ab|ba)*,((aa|bb|ab|ba)?)*
1269,(ab|ba)*,(a(a|b)|b(a|b))*
1270,(ab|ba)*,(ab|ba)*(aa|ab|ba|bb)*
1271,(ab|ba)*,((ab)|(ba))*((ab)|(ba)|(aa)|(bb))*
1272,(ab|ba)*,(ab)*(aa|ab|ba|bb)*
1273,(ab|ba)*,(ab|ba)*(aa|bb|ab|ba)*
1274,(ab|ba)*,(ab(ab)*|ba(ab)*)*((a|b)(a|b))*
1275,(ab|ba)*,((ab)|(ba))*((ab)|(ba)|(bb)|(aa))*
1276,(ab|ba)*,(bb|aa|(ab|ba)*)*((aa)|(bb)|(ab)|(ba))*
1277,(ab|ba)*,(((aa)|(bb)|(ab)|(ba))?)*
1278,(ab|ba)*,((ab)|(ba))*(aa|ab|ba|bb)*
1279,(ab|ba)*,(aa|bb|ab|ba)*(aa|bb|ab|ba)*
1280,(ab|ba)*,((ab)|(ba))*(ab|ba|aa|bb)*
1281,(ab|ba)*,(bb|aa|aabb|abab|abba|baba|bbaa|baab)*((aa)|(bb)|(ab)|(ba))*
1282,(ab|ba)*,((aabb|abab|abba|bbaa|baba|baab)*(aa|ab|ba|bb)*)+((ab)?)
1283,(ab|ba)*,(ab|ba)*(aa|bb|ba|ab)*
1284,(ab|ba)*,((aa)*|(ab)*|(ba)*|(bb)*)*
1285,(ab|ba)*,(ab|ba|aabb|bbaa)*(aa|ab|ba|bb)*
1286,(ab|ba)*,(bb|aa|(ab|ba)*)*((aa)*|(bb)*|(ab)*|(ba)*)*
1287,(ab|ba)*,(bb|aa|aabb|abab|abba|baba|bbaa|baab)*(aa|bb|ab|ba)*
1288,(ab|ba)*,((ab|ba)*(aa|ab|bb|ba)*)+(ab|ba)*
1289,(b|(a*aa))*,b*(a*a*)*b*
1290,(a|(b*bb))*,(b*)+(a*b*)
1291,(a|b)(a|b)+aaa+,a*b*|b*a*aaa
1292,(ab|ba)*,a*b*|b*a*
1293,(ab|ba)*,(a*b*)|(b*a*)
1294,(ab|ba)*,(a)*(b)*|(b)*(a)*
1295,b*a*,a(a)*|(ab)*b*a*
1296,b*a*,(a*)|(b+a+)*
1297,(a|baa)*,a*|b(aa+)*
1298,(a|(b*bb))*,bb*|a*|b*
1299,(a|(b*bb))*,(b*b)|(a*)
1300,(b|(a*aa))*,a*|b+
1301,(a|(b*bb))*,a*|b*
1302,(a*ba*b)*a*ba*,(a*|b+)
1303,(a|(b*bb))*,b*|a*
1304,(a*ba*b)*a*ba*,(b*)a*
1305,(a*ba*b)*a*ba*,(a*)(b(a*)(b(a*)b))*
1306,(a*ba*b)*a*ba*,(a*(b)((a)*bb)*(a)*)|(a*)
1307,(a*ba*b)*a*ba*,((a*|a*ba*(ba*ba*)*a*)|b)
1308,(a|baa)*,"(a{1,})?b?(ba{2,})?"
1309,(a|(b*bb))*,((a|b)*bb(a|b)*)*a*
1310,(a|(b*bb))*,(a|b)*bb(a|b)*|a*
1311,(a|(b*bb))*,a*|(a|b)*bb+(a|b)*|(a|b)*b+b(a|b)*
1312,(a|(b*bb))*,((a|b)*bb(a|b)*)|a*
1313,(a|(b*bb))*,(a|b)*bb(a|b?)*|a*
1314,(a*ba*b)*a*ba*,a*(b(a*ba*b)*)*a*
1315,(a*ba*b)*a*ba*,(a)*(ba)*((ba)*(ba)*)*
1316,(a*ba*b)*a*ba*,a*b|(a|ba*b)*
1317,(a|(b*bb))*,a*|((a|b)*bb(a*b*))
1318,(a|(b*bb))*,((a|b)*bb(a*b*))|a*
1319,(a|baa)*,(a)*(b|aa)*(a)*
1320,(a|baa)*,(a)*((b)+(aa)+)*
1321,(a|baa)*,a*(b*aa)*
1322,(a|baa)*,a*(b*aa)*a*
1323,(a|baa)*,(a)*((b)+(aaa)+)*
1324,(a|baa)*,(a)*((b)+(aa)+)*(a)*
1325,(a|b)(a|b)+aaa+,a*|a*(baaa)a*
1326,(a|baa)*,a*|a*b*aa
1327,(a|baa)*,a*|a*baa*|baa*
1328,(a|baa)*,(a*)|(a*baa*)|(baa*)
1329,(a|baa)*,(a*)|(a*baa*)
1330,(a|(b*bb))*,a*(b+a)*(bb+b)*(b+a)*
1331,(a|(b*bb))*,a*(b+a)*(bb)*(b+a)*
1332,(a|(b*bb))*,a*(b+a)*(bb)*(bbb)*(b+a)*
1333,b*a*,(a+(a*))|((a*)+(b*))
1334,(a|(b*bb))*,a*|(a*b*)
1335,(ab|ba)*,(a|aa)*(b|bb)*
1336,b*a*,((aa*)|(a*b*))
1337,(a|(b*bb))*,(a)*(b)*
1338,a+b,(a)*(b)*
1339,b*a*,(a+|a*b*)
1340,b*a*,aa*|a*b*
1341,(a|(b*bb))*,a*(b+)*
1342,b*a*,(a+)|(a*b*)
1343,b*a*,a+|a*b*
1344,(a|(b*bb))*,(a*|(bb)*)b*
1345,b*a*,a+|(a*b*)
1346,b*a*,a(a)*|(a*b*)
1347,a+b,a*b*
1348,b*a*,a*b*
1349,(a|(b*bb))*,(a*b*b)|(a*)
1350,b*a*,(a*)|(a*b*)
1351,(a*ba*b)*a*ba*,(a*|b+)bb*|a*
1352,(a|(b*bb))*,a|b*
1353,(a|(b*bb))*,((b*bb*)|a)?
1354,(a|(b*bb))*,b*|(a*b*)
1355,b*a*,a*|a*b*
1356,(a*ba*b)*a*ba*,a*(b|bbb)*
1357,b*a*,a(a)*|a*b*
1358,b*a*,(aa*|a*b*)
1359,a+b,[a]*[b]*
1360,(a|(b*bb))*,b*|a*|b*
1361,(a*ba*b)*a*ba*,a*|b(bb*|a*)*
1362,(a*ba*b)*a*ba*,a*|b+(a*|bb*)
1363,(a*ba*b)*a*ba*,(b|a*)
1364,(a|(b*bb))*,b*a*|a*
1365,(a*ba*b)*a*ba*,(a*|b+)a*|bb*
1366,(a*ba*b)*a*ba*,b*(a*|bb*)
1367,a+b,(a*|b)
1368,a+b,a*|b
1369,(a|b)*baa(a|b)*b,a+|b*a*
1370,(a*ba*b)*a*ba*,b|(a*b?)
1371,(a|b)*(bab)(a|b)*,((a|b)*(bab)*(a|b)*)*
1372,(a|baa)*,[a]*|[baa]*
1373,(a|baa)*,(a)*((b|aa)*(a)*)*
1374,(ab|ba)*,a*b*(a|b)*
1375,(a|b)*(bab)(a|b)*,(a|b)*
1376,(a|(b*bb))*,(ab|ba|b|a)*(a)*
1377,(a|b)*(bab)(a|b)*,(a|b|bab)*(a|b)*
1378,(a*ba*b)*a*ba*,b*((a|b)*(a|b)*)*
1379,(a|b)(a|b)+aaa+,(a*b*)*|b+aaa
1380,(a|(b*bb))*,(a)*(ab|ba|b|a)*(a)*
1381,(a|b)*(bab)(a|b)*,(a|b|bab)*
1382,(a*ba*b)*a*ba*,a*b(ba+b)*|(a*|bb*)*
1383,(a|(b*bb))*,((a|b)*|bb|(a|b)*)*
1384,b*a*,(a+|b*a*)+
1385,(a|baa)*,(a|b|baa+)*
1386,(a|(b*bb))*,(a|b(b*))*
1387,(a|(b*bb))*,((a|b)*b?)*
1388,(a|(b*bb))*,(a|bb*)*
1389,b*a*,((a*)|(b+a*))*
1390,(a|(b*bb))*,(a|ab|ba|bb*)*
1391,(a|(b*bb))*,(a*|(b*bb*)+)*
1392,(a*ba*b)*a*ba*,(a|(ab)*b)*(ba)*
1393,(a|(b*bb))*,(a|b+)*
1394,(a*ba*b)*a*ba*,(a|ab)*(a|ba)*(b|a)*
1395,(a|(b*bb))*,(b(b*)|a)*
1396,(a*ba*b)*a*ba*,(a*|b?)+
1397,(a|(b*bb))*,(a*|bb*)*
1398,(ab|ba)*,((a|b)|((a|b)(a|b)(a|b)))*|(ab|ba)*
1399,b*a*,(b|a)*
1400,(a|(b*bb))*,(a|b*b)*
1401,(ab|ba)*,(a*|b*)*(aa|ab|ba|bb)*
1402,b*a*,((a)+|b+a*)*
1403,(a|(b*bb))*,((b(b*))|a)*
1404,(ab|ba)*,(ab|ba)*(a|b)*
1405,(a|(b*bb))*,(a|b*bb*)*
1406,(a|(b*bb))*,(a|(b*b)*)*
1407,(a|(b*bb))*,(a|b|ba|ab|aba)*
1408,(a|baa)*,(a|b)*(baa)*
1409,(a*ba*b)*a*ba*,"(a*(b|bb{2,})*a*)+"
1410,(ab|ba)*,(a|b)*(a|b)*
1411,(a*ba*b)*a*ba*,b|(b|bbb|bbab|babb|a)*
1412,(a|(b*bb))*,(a*|(b*b)*)*
1413,(a|baa)*,(a)*(b|aa|a*)*
1414,(a|b)*(bab)(a|b)*,(bab)*(a|b)*(bab)*
1415,(a|b)(a|b)+aaa+,(a|b)*(aaa)*
1416,(ab|ba)*,((ab)|(ba))*|(a|b)(a|b)*
1417,(a|b)*(bab)(a|b)*,(a|b|bab)*(a|b|bab)*
1418,(a|baa)*,(a|(b|aa*))*
1419,(a|(b*bb))*,(a|b|ba|ab|aba)*(aba)*
1420,b*a*,((a+)|(b*a*))*
1421,(a|b)*(bab)(a|b)*,(a|b|bab)*(bab)*
1422,(a|(b*bb))*,(a|b|ba|ab)*
1423,(a|(b*bb))*,(a|(b+(b)*))*
1424,(a*ba*b)*a*ba*,(a|b(bb)*)*
1425,(a|b)*(bab)(a|b)*,(a*|b*)*|bab|(a*|b*)*
1426,(a|(b*bb))*,(a|(b)*)*
1427,(a|(b*bb))*,(a*b+a*)*|a*
1428,(a|(b*bb))*,(ab|ba|b|a)*
1429,(a|baa)*,(a)*((b|aa)*a*)*
1430,(a|b)*(bab)(a|b)*,(a|b)*|(a|bab)*(b|aba)*
1431,(a|(b*bb))*,a?(a|bb*)*
1432,(a|b)*baa(a|b)*b,(b*a*)*|baa|(b*a*)*|b|b*
1433,(a|(b*bb))*,(a|((b|bb)+))*|a*
1434,b*a*,(a|b*a*)+
1435,(a|(b*bb))*,(a|b)*b*(a|b)*
1436,(a|(b*bb))*,((a|b)|bb|(a|b))*
1437,(a|(b*bb))*,(a|(bb*))*
1438,(a|(b*bb))*,(a*|(b*bb*)*)*
1439,(a|(b*bb))*,(a*|b+)*
1440,(a|b)(a|b)+aaa+,(a|b)*(a|b)*(aaa)*
1441,b*a*,(a|b)*a(a|b)*|b*a*
1442,b*a*,a+|(a|b)*
1443,(a|baa)*,(a|b)*((b)*(aa))*
1444,(a|(b*bb))*,(((b*bb*)|a)?)*
1445,(a|(b*bb))*,(a|(b*bb*))*
1446,(a|b)*(bab)(a|b)*,(a|b)*(bab)*(a|b)*(bab)*(a|b)*
1447,(a|b)*baa(a|b)*b,(a|b)*|(baa)+b
1448,b*a*,((a+)|b+a*)*
1449,(ab|ba)*,(aa*|bb*)*
1450,(a|(b*bb))*,(a*|(bb*))*
1451,b*a*,((a+)|a*b+a*)*
1452,(a|(b*bb))*,(bb)*(a|b)*(bb)*
1453,b*a*,(((a+)|b+a*))*
1454,b*a*,aa*|(a?|b)*(a|b?)*
1455,(a|baa)*,(b|aa|a)*
1456,(a*ba*b)*a*ba*,b|(bb*|a*|bab*)*
1457,(a|b)*(bab)(a|b)*,(a|b)*(bab)*(a|b)*
1458,(ab|ba)*,(a|b)*(ab|ba|aa|ab)*
1459,(a|(b*bb))*,(a|b|bb)*
1460,(a*ba*b)*a*ba*,(a*(b|bbb)*)*
1461,(ab|ba)*,((aa)*|(bb)*)(a|b)*
1462,(a*ba*b)*a*ba*,b(bb)*|(a)*
1463,(a*ba*b)*a*ba*,a*|(bb)*b
1464,(a*ba*b)*a*ba*,a*|(bb)*|(ba*b)*ba*|(bb)*|(ba*b)*
1465,b*a*,a*|b*|(ba)*
1466,(a*ba*b)*a*ba*,a*|b(ab*ab*)*
1467,(a|baa)*,a*|b(aa)*
1468,(a|(b*bb))*,a*|(a+b*)*
1469,(a|(b*bb))*,(a+b*)*
1470,(ab|ba)*,a*
1471,a+b,a*
1472,(ab|ba)*,a?
1473,(a|b)(a|b)+aaa+,a*(aaaa*)*
1474,(a|baa)*,[ab]*(baa)*
1475,(b|(a*aa))*,(b*a*(aa)*b*)*
1476,(a|b)*(bab)(a|b)*,(a*b*(bab)*a*b*)*
1477,(a|(b*bb))*,(a*(b*b)*a*)*
1478,(a|(b*bb))*,((bb*)*a*)*
1479,0*10*(10*10*)*,1|(111)*
1480,0*10*(10*10*)*,1*|((0|1)1(0|1))*
1481,0*10*(10*10*)*,(111)*
1482,0*10*(10*10*)*,(1(11))*
1483,(0*10*10*)*|0*,(0*1(0*10*110*)+)|0*|(0*1(0*10*110*)+)?
1484,(0*10*10*)*|0*,(0*1(0*10*110*)+)|0*
1485,(0*10*10*)*|0*,(0*1(0*10*110*)*)|0*
1486,0*10*(10*10*)*,(0*10*10*10*)*
1487,0*10*(10*10*)*,(1?|11?)|111?
1488,(0*10*10*)*|0*,0*(0*1+0*1)*
1489,(0*10*10*)*|0*,(0*11+0*)*
1490,(0*10*10*)*|0*,(0*1+0*1+0*)*
1491,0*(10*1)*0*,(0*10*10*)*
1492,0*(10*1)*0*,(0*10*10*)*|0
1493,0*10*(10*10*)*,(1?|11?)
1494,(0(0*|1+0)*)|(1(1*|0+1)*),(1+0*(10+)*1+)*
1495,1?(01)*0?,0?|0|1|(010)*(101)*
1496,((0(0*|(1+0))*)|(1(1*|(0+1))*))?,0*|1*|(((1*)(01)(0|1)*)((0*)(10)(0|1)*))*
1497,0*10*(10*10*)*,(11)*0*(11)*0*1*0*(11)*
1498,((0(0*|(1+0))*)|(1(1*|(0+1))*))?,0*|1*|(1+0+1+0*)*|(0+1+0+1*)*
1499,((0(0*|(1+0))*)|(1(1*|(0+1))*))?,0*(1+0*1+)*|(0+1*0+)*
1500,((0(0*|(1+0))*)|(1(1*|(0+1))*))?,1+0+1+0+1+0+1+0+1+|0+1+0+1+0+1+0+1+0+|1*(0+1+0+)*1*|0*(1+0+1+)*0*|1*|0*|0+1+0+1+0+1+0+|1+0+1+0+1+0+1+
1501,1*(01*01*01*01*)*,(1*01*01*101*)*1*
1502,((0(0*|(1+0))*)|(1(1*|(0+1))*))?,1*(0+1+0+)*1*|0*(1+0+1+)*0*|1*|0*|0+1+0+1+0+1+0+
1503,((0(0*|(1+0))*)|(1(1*|(0+1))*))?,0*(01+0)*(10+1)*(01+0)*0*
1504,0*10*(10*10*)*,(0*(11)*0*10*)|(0*)
1505,0*10*(10*10*)*,0*(11)*0*10*|0*
1506,((0(0*|(1+0))*)|(1(1*|(0+1))*))?,(((01)0*(10))*|(0*1*0*))
1507,0(0|1)*0,0*|0(1|0)*0|1*|1(1|0)*1?
1508,(0*10*10*)*|0*,(10*)*(10*)*
1509,0*10*(10*10*)*,0*(11)*0*1*0*|0*
1510,0*10*(10*10*)*,(0*1(11)*0*)|(111)*
1511,0*10*(10*10*)*,(0*(10*1)*0*10*)*
1512,0*10*(10*10*)*,(0*10*1*)*
1513,0*10*(10*10*)*,(0*(10*1)*0*10*)*|(0*10*10*)
1514,(0|1)(0|1)*,0?1?
1515,0*10*(10*10*)*,(0*10*1*0*)*
1516,0*10*(10*10*)*,(0*(10*1)*0*10*)*|(11)
1517,0*10*(10*10*)*,(111)*(1)*
1518,0*10*(10*10*)*,(((1?)*|(11?)*)|(111?)*)
1519,0*10*(10*10*)*,(1)*
1520,0*10*(10*10*)*,1|1*
1521,0*10*(10*10*)*,1*[11]*
1522,(0|1)(0|1)*,1*
1523,0*10*(10*10*)*,(((1*)?)|((11*)?))|((111*)?)
1524,0(0|1)*0,(0*)(0*1*)*(0*)
1525,(0*10*10*)*|0*,0*(10*1)*0*(10*1*)*
1526,((0(0*|(1+0))*)|(1(1*|(0+1))*))?,(1*0*1*)+(0*1*0*)
1527,((0(0*|(1+0))*)|(1(1*|(0+1))*))?,0*(1+0+)*1*
1528,(0*10*10*)*|0*,(0?1?0*1?0*)*
1529,(0|10*1)*,(0*1?0*1?0*)*
1530,(0|1)(0|1)|(0|1)(0|1)(0|1),[01]*[10]*
1531,((0(0*|(1+0))*)|(1(1*|(0+1))*))?,(0*1*)*((10)*(0*1*)*(01)*)*(0*1*)*
1532,0(0|1)*0,0*(0*1*0*)*0*
1533,0(0|1)*0,(0)*(0*1*)*(0)*
1534,0*10*(10*10*)*,(0)*(111)*(0)*
1535,0*10*(10*10*)*,(0*|(1(11))*)+
1536,0*10*(10*10*)*,(0|(1(11))*)+
1537,0*10*(10*10*)*,0*(11)*0*1*
1538,0*10*(10*10*)*,(0*10*10*10*10*)*
1539,(0*10*10*)*|0*,0*(1+1)*0*
1540,(0(0*|1+0)*)|(1(1*|0+1)*),1*|0*|1+(0*1*)*1+|0+(0*1*)*0+
1541,(0(0*|1+0)*)|(1(1*|0+1)*),(0+1*0+)*|((1+0*)*10+1+)*|1*|0+(1+0+)*
1542,(0(0*|1+0)*)|(1(1*|0+1)*),1*|0*|1+(0*1*)*1+|0+(1*0*)*0+
1543,(0(0*|1+0)*)|(1(1*|0+1)*),(1+(0+1)*1*)*|(0+(1+0)*0*)*
1544,(0(0*|1+0)*)|(1(1*|0+1)*),0*|1*|(0+1+)+0+|(1+0+)+1+
1545,(0(0*|1+0)*)|(1(1*|0+1)*),(0*)|(1*)|(0+(1|0)*0+)|(1+(1|0)*1+)
1546,(0(0*|1+0)*)|(1(1*|0+1)*),1?|0|1+(0*1*)*1+|0+(0*1*)*0+
1547,(0(0*|1+0)*)|(1(1*|0+1)*),0*|0((11*0)|0)*|1((00*1)|1)*
1548,((0(0*|(1+0))*)|(1(1*|(0+1))*))?,1*(10|01)*(10|01)*
1549,(0(0*|1+0)*)|(1(1*|0+1)*),(0+1*0+)*|((1+0*)*10+1+)*|1*|0+(1+0+)*|1*
1550,(0(0*|1+0)*)|(1(1*|0+1)*),((0+1*)*0+)*|((1+0*)*1+)*
1551,(0(0*|1+0)*)|(1(1*|0+1)*),(0?)|1|(0(0|1)*0)|(1(0|1)*1)
1552,(0(0*|1+0)*)|(1(1*|0+1)*),0(0|1)*0|1(0|1)*1|1*|0*
1553,(0(0*|1+0)*)|(1(1*|0+1)*),(0+(1*0)*)*|(1+(0*1)*)*
1554,(0(0*|1+0)*)|(1(1*|0+1)*),0|1|(0(1*0*)*0)*|(1(0*1*)*1)*
1555,(0(0*|1+0)*)|(1(1*|0+1)*),(0(0*|(0*1+0+))*|1(1*|1*0+1+)*)?
1556,(0(0*|1+0)*)|(1(1*|0+1)*),((10*)*1+)*|((01*)*0+)*
1557,(0(0*|1+0)*)|(1(1*|0+1)*),1*|0*|1+(0+1+)*|0+(1+0+)*
1558,(0(0*|1+0)*)|(1(1*|0+1)*),0*|1*|1+(0+1+)*|0+(1+0+)*
1559,(0(0*|1+0)*)|(1(1*|0+1)*),0*|1*|0+(1+0+)*|1+(0+1+)*
1560,(0*10*10*)*|0*,(00*10*1)*(01)*
1561,((0(0*|(1+0))*)|(1(1*|(0+1))*))?,((0|1)*(01)(0|1)*(10)(0|1)*)*|((0|1)*(10)(0|1)*(01)(0|1)*)*
1562,((0(0*|(1+0))*)|(1(1*|(0+1))*))?,(0*)|(1*)|(((0|1)*10(0|1)*01(0|1)*)|((0|1)*01(0|1)*10(0|1)*))*
1563,0(0|1)*0,(01(0|1)*10)*
1564,1*(01*01*01*01*)*,(1*0)*
1565,((0(0*|(1+0))*)|(1(1*|(0+1))*))?,(0*1*0+)*
1566,1*(01*01*01*01*)*,0*1*(0000)*
1567,0*10*(10*10*)*,(0)*(1+)*(0)*
1568,0*10*(10*10*)*,0*1*(11)*0*
1569,0(0|1)*0,0*(0*|1*)0*
1570,0(0|1)*0,0*1*0*
1571,0*10*(10*10*)*,(0)*(1*)(0)*
1572,0*10*(10*10*)*,(0)*(1*)+(0)*
1573,0(0|1)*0,0*(1)*0*
1574,0*10*(10*10*)*,(0)*(111)*(1)*(0)*
1575,0(0|1)*0,(0*)0*1*(0*)|(0*)1*0*(0*)
1576,0*10*(10*10*)*,(0)*(1)*(0)*
1577,((0(0*|(1+0))*)|(1(1*|(0+1))*))?,0*1*0*1*0*
1578,001|1010|110,0*1*0*1*0*
1579,0*10*(10*10*)*,0*1*0*1*0*1*
1580,001|1010|110,0*1*0*1*
1581,((0(0*|(1+0))*)|(1(1*|(0+1))*))?,(01|10)*
1582,((0(0*|(1+0))*)|(1(1*|(0+1))*))?,(10|01)*(10|01)*
1583,((0(0*|(1+0))*)|(1(1*|(0+1))*))?,((01)*(10)*)*
1584,0(0|1)*0,(0+(1*0*1*)*0+)*
1585,0(0|1)*0,(0+(0|1)*0+)*
1586,0(0|1)*0,0(0|1)*0|(00)*
1587,((0(0*|(1+0))*)|(1(1*|(0+1))*))?,0|1|(01|10)*
1588,(0*10*10*)*|0*,0*(1+0*1+0*)*
1589,(0*10*10*)*|0*,0*(0*1+0*1+0*)*
1590,((0(0*|(1+0))*)|(1(1*|(0+1))*))?,1*(0+1+0+)*1*|0*(1+0+1+)*0*|1*|0*|0+1+0+1+0+1+0+|1+0+1+0+1+0+1+
1591,001|1010|110,(110|10|0*)*
1592,0*(10*1)*0*,(0*10*10*)*|0*
1593,0*(10*1)*0*,0*(10*10*)*
1594,((0(0*|(1+0))*)|(1(1*|(0+1))*))?,1*(0+1+0+)*1*|0*(1+0+1+)*0*|1*|0*
1595,(0(0*|1+0)*)|(1(1*|0+1)*),(0+1*0+)*|((1+0*)*10+1+)*|1*|0+(10)+
1596,((0(0*|(1+0))*)|(1(1*|(0+1))*))?,0*|1*|0*1+0*1+0*|1*0+1*0+1*
1597,((0(0*|(1+0))*)|(1(1*|(0+1))*))?,0*|1*|(0*1+0*1+0*)|(1*0+1*0+1*)
1598,((0(0*|(1+0))*)|(1(1*|(0+1))*))?,(01)*(10)*
1599,((0(0*|(1+0))*)|(1(1*|(0+1))*))?,(01)*|(10)*
1600,(0*10*10*)*|0*,(01)*(01)*
1601,(0|1)(0|1)*,(01)|(01)*
1602,((0(0*|(1+0))*)|(1(1*|(0+1))*))?,((01+0)|(10+1))*
1603,((0(0*|(1+0))*)|(1(1*|(0+1))*))?,((01*0)|(10*1))*
1604,(0*10*10*)*|0*,(0*(1+0*1+)*0*)*
1605,1?(01)*0?,0?|0|1|(010)*(101)*|(01)*|(10)*
1606,(0*10*10*)*|0*,(01*01*)*
1607,(0(0*|1+0)*)|(1(1*|0+1)*),(1+0*(10+)*1+)*|((0+1)*0)*
1608,(0(0*|1+0)*)|(1(1*|0+1)*),(1+0*(10+)*1+)*|((0+1)*0)*|1
1609,0(0|1)*0,(0(0|1)*0)|(1(0|1)*1)?
1610,0(0|1)*0,(0(0*1*)*0)*
1611,(0|10*1)*,0|(0*1)*
1612,((0(0*|(1+0))*)|(1(1*|(0+1))*))?,((0+1+0+)|(1+0+1+))*
1613,((0(0*|(1+0))*)|(1(1*|(0+1))*))?,((0+1+0+)|(1+0+1+))*|0*|1*
1614,(0(0*|1+0)*)|(1(1*|0+1)*),0*|1*|((0+1+0+)*(1+0+1+)*)*
1615,(0(0*|1+0)*)|(1(1*|0+1)*),0*|1*|((11*00*11*)|(00*11*00*)|(11*00*11*00*11*)|(00*11*00*11*00*))*
1616,(0(0*|1+0)*)|(1(1*|0+1)*),1*|((11*00*11*)|(00*11*00*)|(11*00*11*00*11*)|(00*11*00*11*00*))*
1617,(0(0*|1+0)*)|(1(1*|0+1)*),(101)*|(010)*
1618,((0(0*|(1+0))*)|(1(1*|(0+1))*))?,1*(0+1+0+)*1*|1*|0*
1619,0(0|1)*0,(01*0*1*0)*
1620,1*(01*01*01*01*)*,1*(1*01*01*01*01*01*)*
1621,(0(0*|1+0)*)|(1(1*|0+1)*),0*|00*|11*|11*00*11*|00*11*00*
1622,(0(0*|1+0)*)|(1(1*|0+1)*),(1+0*1+)|(0+1*0+)|1*|0*
1623,(0(0*|1+0)*)|(1(1*|0+1)*),1*(10*1)*1*|0*(01*0)*0*
1624,(0*10*10*)*|0*,(0*(1)0*(1)*)|(0*)
1625,(0(0*|1+0)*)|(1(1*|0+1)*),0*|0((11*0)|0*)|1((00*1)|1*)
1626,(0(0*|1+0)*)|(1(1*|0+1)*),(0(0*(0*1+0+))*|1(1*|1*0+1+)*)?
1627,0*10*(10*10*)*,(0*1(11)*0*)|(11)*
1628,0*10*(10*10*)*,1|(111)*|01
1629,0*10*(10*10*)*,(0*1|(11)*|(101)*|11)
1630,0*10*(10*10*)*,(0*1|(11)*|(101)*)
1631,0*10*(10*10*)*,(0*1|(11)*)
1632,0*10*(10*10*)*,0*1|1*
1633,0*10*(10*10*)*,(0*1|(11)*|(101)*|111|10)
1634,0*10*(10*10*)*,(0*1|(11)*|(101)*|111|1)
1635,0*10*(10*10*)*,(0*1|(11)*|(101)*|111)
1636,0*10*(10*10*)*,1|(111)*|01|10
1637,((0(0*|(1+0))*)|(1(1*|(0+1))*))?,(0*1+0+)*(1*0+1+)*
1638,0*10*(10*10*)*,(0*10*)*
1639,((0(0*|(1+0))*)|(1(1*|(0+1))*))?,((0*11*00*)*)|((1*00*11*)*)
1640,0*10*(10*10*)*,1*|((0|1)*1(0|1)*)*
1641,((0(0*|(1+0))*)|(1(1*|(0+1))*))?,(01*)(010)*|(10)*(101)*
1642,(0*10*10*)*|0*,0*0?|(0|1)11*
1643,(0|1)(0|1)*,(01)*
1644,((0(0*|(1+0))*)|(1(1*|(0+1))*))?,((0(0|1)*0)(1(0|1)*1))?
1645,(0*10*10*)*|0*,(0*(1?)*0(1?))*
1646,((0(0*|(1+0))*)|(1(1*|(0+1))*))?,((0(0*1*)*0)|(1(0*1*)1))*
1647,((0(0*|(1+0))*)|(1(1*|(0+1))*))?,(1+0+)*(0+1+)*
1648,001|1010|110,(001|1010|110)*
1649,0*10*(10*10*)*,(0*1)*
1650,(0*10*10*)*|0*,(0*1+)*
1651,((0(0*|(1+0))*)|(1(1*|(0+1))*))?,1*(0+1+)*
1652,(0(0*|1+0)*)|(1(1*|0+1)*),(1+0*1+)*|(0+1*0+)*|1*|0*
1653,(0(0*|1+0)*)|(1(1*|0+1)*),(0+1*0+)*|((1+0*)*10+1+)*|1*|0*
1654,(0(0*|1+0)*)|(1(1*|0+1)*),(0+1+0+)*|(1+(01)*0+1+)*|1*|0*
1655,(0(0*|1+0)*)|(1(1*|0+1)*),(0+1+0+)*
1656,(0(0*|1+0)*)|(1(1*|0+1)*),(1+0+1+)*|(0+1+0+)*|0*|1*
1657,((0(0*|(1+0))*)|(1(1*|(0+1))*))?,(0+1*0+|1+0*1+)*|0*|1*
1658,((0(0*|(1+0))*)|(1(1*|(0+1))*))?,((1+0*1+)*|(0+1*0+)*)*|0|1
1659,((0(0*|(1+0))*)|(1(1*|(0+1))*))?,((1+0*1+)*(0+1*0+)*)*
1660,(0(0*|1+0)*)|(1(1*|0+1)*),1*(0+1+0*)|0*(1+0+0*)*
1661,(0*10*10*)*|0*,(0*(1)*0(1))*
1662,(0*10*10*)*|0*,(0*1+0*1)*
1663,((0(0*|(1+0))*)|(1(1*|(0+1))*))?,0*(0+1*0+|1+0*1+)*0*
1664,0(0|1)*0,0*(01)*0*
1665,(0*10*10*)*|0*,(0+1)*(1+1)*(0+1)*
1666,(0*10*10*)*|0*,(0+1)*(1+1)*0*
1667,((0(0*|(1+0))*)|(1(1*|(0+1))*))?,((0+1+0)|(1+0+1))*
1668,(0|10*1)*,(1|01*0)*
1669,0(0|1)*0,(0+1*0*1*0+)*
1670,(0*10*10*)*|0*,(0+1)*(1+1)*
1671,(0|10*1)*,((0*1)|(10*))*
1672,((0(0*|(1+0))*)|(1(1*|(0+1))*))?,((0+1+)|(1+0+))*
1673,001|1010|110,(001|10101|110)*
1674,0(0|1)*0,0*|0(0*1*)*0
1675,(0(0*|1+0)*)|(1(1*|0+1)*),(1+0+1+)*|(0+1+0+)*
1676,((0(0*|(1+0))*)|(1(1*|(0+1))*))?,((0*01+0)|(1*10+1))*
1677,(0*10*10*)*|0*,(0*|(01)*)*
1678,0(0|1)*0,(11*0*11*)*|(00*1*00*)*
1679,((0(0*|(1+0))*)|(1(1*|(0+1))*))?,1*(100*11*)*|0*(011*00*)*|(01)*(0|1)
1680,((0(0*|(1+0))*)|(1(1*|(0+1))*))?,(1+0*1+)*(0+1*0+)*
1681,((0(0*|(1+0))*)|(1(1*|(0+1))*))?,((0(1*0*)*0)|(1(1*0*)*1))*
1682,0(0|1)*0,0*(0+1)*0*
1683,(0|10*1)*,0*(01*01*)*
1684,(0*10*10*)*|0*,(0+1)*
1685,0(0|1)*0,(0(1+(0*1+)*)*0)*|0*
1686,0(0|1)*0,(0(1+(0*1+)*)*0)*
1687,(0(0*|1+0)*)|(1(1*|0+1)*),0*|0((11*0)*|0*)|1((00*1)*|1*)
1688,(0(0*|1+0)*)|(1(1*|0+1)*),0*|1*|((01+0)*(10+1)*)*
1689,(0(0*|1+0)*)|(1(1*|0+1)*),(101)*|(010)*|0*|1*
1690,(0|1)(0|1)|(0|1)(0|1)(0|1),(0|1)?(0|1)?(0|1)?
1691,(0*10*10*)*|0*,0*0*|110*1
1692,((0(0*|(1+0))*)|(1(1*|(0+1))*))?,0*|1*|(0*1+0*1+0*)*|(1*0+1*0+1*)*
1693,((0(0*|(1+0))*)|(1(1*|(0+1))*))?,0*|1*|(1*0+1*0+1*)*|(0*1+0*1+0*)*
1694,0*10*(10*10*)*,0*|1(1)0*
1695,(0|1)(0|1)*,1*0*1*0*1*0*1*0*
1696,(0*10*10*)*|0*,0*0?|10+11*
1697,(0|1)(0|1)*,1*0*1*0*1*0*1*0*1*0*1*0*1*0*1*0*
1698,(0*10*10*)*|0*,0*0*|10*
1699,((0(0*|(1+0))*)|(1(1*|(0+1))*))?,1*0*(0+1+)*
1700,((0(0*|(1+0))*)|(1(1*|(0+1))*))?,0*|1*|(10+1)*|(01+1)*|((10)+0*1+)*|((01)+1*0+)
1701,(0(0*|1+0)*)|(1(1*|0+1)*),(0+1*0+)*|((1+0*)*10+1+)*|1*|0+(10)*
1702,((0(0*|(1+0))*)|(1(1*|(0+1))*))?,((0+1+0)|(1+0+1))*|(0+)|(1+)
1703,(0(0*|1+0)*)|(1(1*|0+1)*),0*|1*|((0+1+0)*(1+0+1)*)*
1704,(0(0*|1+0)*)|(1(1*|0+1)*),(0+(10)+)*|(1+(01)*0+1+)*|1*|0*
1705,1*(01*01*01*)*,(1*01*01*0*1*)*
1706,0*10*(10*10*)*,(1(11)*|0*)(1(11)*|0*)(1(11)*|0*)
1707,0*10*(10*10*)*,0*1|1*0*
1708,0*10*(10*10*)*,0*1+|1*0*
1709,((0(0*|(1+0))*)|(1(1*|(0+1))*))?,(1+(0*1+))*|(0+(1*0*)0*)*
1710,0(0|1)*0,0*|0(1|0)*0?
1711,(0(0*|1+0)*)|(1(1*|0+1)*),(10*1)*|(01*0)*|0*|1*
1712,0*10*(10*10*)*,0*|1(111)0*
1713,0*10*(10*10*)*,((1?|11?)|111?)|0*
1714,0*10*(10*10*)*,1(1?)|0*
1715,(0|1)(0|1)*,0*|1*
1716,0*10*(10*10*)*,((1?|11?)|111?)*|0*
1717,0*10*(10*10*)*,(((1?)*|(11?)*)|(111?)*)|0*
1718,0*10*(10*10*)*,((1+)+)*|0*
1719,0*10*(10*10*)*,((((1*)?)|((11*)?))|((111*)?))|0*
1720,(0|1)(0|1)*,(0|1)|(0*|1*)
1721,(0|1)(0|1)*,1*0*
1722,0*10*(10*10*)*,(0*)|(1|1|1)|(0*)
1723,(0*10*10*)*|0*,0*(0+1+)*0*
1724,0*10*(10*10*)*,0*(1(11)*|0*)
1725,0*10*(10*10*)*,0*1(11)*|0*
1726,(0*10*10*)*|0*,0*((1+1)*)
1727,(0*10*10*)*|0*,0?|111*
1728,(0*10*10*)*|0*,0*(1+0*1+)*
1729,0*10*(10*10*)*,0*(1(11)*0)*
1730,(0*10*10*)*|0*,(0*|1)1*
1731,(0|1)(0|1)|(0|1)(0|1)(0|1),(0|1*)
1732,0+1*,0*1*
1733,0*10*(10*10*)*,0*1*
1734,0*10*(10*10*)*,0*(1)*
1735,0*10*(10*10*)*,0*1*[11]*
1736,(0|1)(0|1)|(0|1)(0|1)(0|1),0|1*
1737,0*10*(10*10*)*,0*(111)*(1)*
1738,0*10*(10*10*)*,(0)*(111)*(1)*
1739,0*10*(10*10*)*,((0*)1(0*))|0*
1740,0*10*(10*10*)*,((((1*)?)|((11*)?))|((111*)?))*|0*
1741,0*10*(10*10*)*,(((1?)*|(11?)*)|(111?)*)*|0*
1742,0*10*(10*10*)*,(((1+)+)|0)|0*
1743,0*10*(10*10*)*,(((1*)+)+)|0*
1744,0*10*(10*10*)*,1(1?)*|0*
1745,0*10*(10*10*)*,1*((1*)?)*|0*
1746,0*10*(10*10*)*,((1+)+)|0*
1747,(0|1)(0|1)*,(0+|1*)|(1*|0+)
1748,0(0|1)*0,0*0|1*0*
1749,0(0|1)*0,0*0*|1*0*
1750,(0|1)(0|1)|(0|1)(0|1)(0|1),(0|1)?
1751,(0(0*|1+0)*)|(1(1*|0+1)*),(0|1|0(0|1)*0|1(0|1)*1)*
1752,(0*10*10*)*|0*,(0*|1*)*
1753,((0(0*|(1+0))*)|(1(1*|(0+1))*))?,((0*1*)*0*)|((1*0*)*1*)
1754,(0*10*10*)*|0*,(0*|1)*(0*|1)*
1755,0(0|1)*0,0*|(0|1)*|0*
1756,((0(0*|(1+0))*)|(1(1*|(0+1))*))?,((0|1)*(0(101)*0|1(010)*1|(1001)*|(0110)*)(0|1)*)*
1757,(0*10*10*)*|0*,((0*|1)*(0*|1)*)*
1758,((0(0*|(1+0))*)|(1(1*|(0+1))*))?,((0+(1+0)*)|(1+(0+1)*))*
1759,((0(0*|(1+0))*)|(1(1*|(0+1))*))?,((01)*(0|1)+(10)*)*
1760,(0|1)(0|1)*,(1|0)*|(0|1)*
1761,(0|1)(0|1)*,(0|1)|(0|1)*(0|1)*
1762,((0(0*|(1+0))*)|(1(1*|(0+1))*))?,(0*(01)*0|1*(10)*1)*
1763,(0(0*|1+0)*)|(1(1*|0+1)*),1*(0+1+0*)*|0*(1+0+1*)*
1764,((0(0*|(1+0))*)|(1(1*|(0+1))*))?,0*|1*|0*(1*0*)*|1*(0*1*)*
1765,((0(0*|(1+0))*)|(1(1*|(0+1))*))?,(1|0|1+(0*1*)*1+|0+(1*0*)*0+)*
1766,((0(0*|(1+0))*)|(1(1*|(0+1))*))?,0*(01*0*)*|1*(10*1*)*
1767,((0(0*|(1+0))*)|(1(1*|(0+1))*))?,(1+(0*1*0*)*1+)|(0*1*0*)*
1768,((0(0*|(1+0))*)|(1(1*|(0+1))*))?,0*(11*0*)*|1*(00*1*)*
1769,((0(0*|(1+0))*)|(1(1*|(0+1))*))?,((01*0*)|(10*1*))*
1770,(0(0*|1+0)*)|(1(1*|0+1)*),(((0+1*)*0+)*|((1+0*)*1+)*)*
1771,(0|1)(0|1)*,(1|0)*
1772,((0(0*|(1+0))*)|(1(1*|(0+1))*))?,((1*(0+1+0+)*1*)(0*(1+0+1+)*0*))*|1*|0*
1773,(0*10*10*)*|0*,(0|1)*
1774,((0(0*|(1+0))*)|(1(1*|(0+1))*))?,(1+|0+)*
1775,(0(0*|1+0)*)|(1(1*|0+1)*),0*|1*|0+(1*0*)*|1+(0*1*)*
1776,(0*10*10*)*|0*,(0*|1*0*1*)+
1777,((0(0*|(1+0))*)|(1(1*|(0+1))*))?,(0*|1*|((1+0*1+)*|(0+1*0+)*)*)*
1778,((0(0*|(1+0))*)|(1(1*|(0+1))*))?,((0|1)*(((01)(0|1)*(10))|((10)(0|1)*(01))|(010)*|(101)*)(0|1)*)|0*|1*
1779,((0(0*|(1+0))*)|(1(1*|(0+1))*))?,(1|0|(1+(0*1*)*1+)*|(0+(1*0*)*0+)*)*
1780,((0(0*|(1+0))*)|(1(1*|(0+1))*))?,(0*1*)*0*|(1*0*)*1*
1781,(0|1)(0|1)|(0|1)(0|1)(0|1),(0|1)*(0|1)*(0|1)*
1782,1?(01)*0?,((0|1)|(1|0))*
1783,(0|10*1)*,1*|(0|1)*
1784,((0(0*|(1+0))*)|(1(1*|(0+1))*))?,(1((0|1)*1)*|0((0|1)*0)*)*
1785,0(0|1)*0,((1*|0*)(0*1*)*(0*|1*))*
1786,((0(0*|(1+0))*)|(1(1*|(0+1))*))?,0*(1+0+)*|1*(0+1+)*
1787,0*10*(10*10*)*,((0|1))*
1788,((0(0*|(1+0))*)|(1(1*|(0+1))*))?,(0*)|(1*)|((0+1+)*(0+1+0+)*)|((1+0+)*(1+0+1+)*)
1789,0(0|1)*0,0|(0|1)*|0
1790,0(0|1)*0,0+|(0|1)*|0+
1791,((0(0*|(1+0))*)|(1(1*|(0+1))*))?,(1|0|(1+(0*1*)*1+)|(0+(1*0*)*0+))*
1792,(0|1)(0|1)*,(0|1)|(0|1)*
1793,(0*10*10*)*|0*,(0|1)*1*
1794,(0(0*|1+0)*)|(1(1*|0+1)*),1*(0|1)*1*|0*(0|1)*0*
1795,(0*10*10*)*|0*,(1|0|1)*
1796,((0(0*|(1+0))*)|(1(1*|(0+1))*))?,(0*1*0+)*|(1*0*1+)*
1797,((0(0*|(1+0))*)|(1(1*|(0+1))*))?,(0*(11*00*)*)|(1*(00*11*)*)
1798,((0(0*|(1+0))*)|(1(1*|(0+1))*))?,((0*1*0*)|(1*0*1*))*
1799,((0(0*|(1+0))*)|(1(1*|(0+1))*))?,0*|1*|(1+0*1*)*|(0+1*0*)*
1800,((0(0*|(1+0))*)|(1(1*|(0+1))*))?,(0*(0|1)*0*)|(1*(0|1)*1*)
1801,(0(0*|1+0)*)|(1(1*|0+1)*),1*(0+1+)*|0*(1+0+)*
1802,((0(0*|(1+0))*)|(1(1*|(0+1))*))?,0*|1*|1*(0*1*)*1+|0*(1*0*)*0+
1803,0(0|1)*0,0*(1|0)*0*
1804,((0(0*|(1+0))*)|(1(1*|(0+1))*))?,((1+0*1+)*)|((0+1*0+)*)|(0|1)*
1805,0*10*(10*10*)*,((0|1)*)
1806,((0(0*|(1+0))*)|(1(1*|(0+1))*))?,0*|1*|(1*0+1+)*|(0*1+0+)*
1807,1?(01)*0?,((0|1)|(01|10))*
1808,001|1010|110,(0|1)*(01)*(0|1)*
1809,((0(0*|(1+0))*)|(1(1*|(0+1))*))?,(0*(01)*1*0)*|(1*(10)*0*1)*
1810,0(0|1)*0,0*(0|1)*0*
1811,((0(0*|(1+0))*)|(1(1*|(0+1))*))?,((01+0)|(10+1)|(0*10*)|(1*01*))*
1812,(0*10*10*)*|0*,0*(0|1)*
1813,(0*10*10*)*|0*,(0*|1)*
1814,0*10*(10*10*)*,(1(11))*|0*
1815,0*10*(10*10*)*,(0*|(1(11))*)
1816,0*10*(10*10*)*,1(11)*|0*
1817,0*10*(10*10*)*,((11)*1|0*)
1818,0*10*(10*10*)*,(1(11)*)|0*
1819,(0*10*10*)*|0*,0*0?|111*
1820,(0|1)(0|1)*,(0*|1*|(10)*)
1821,(0|1)(0|1)*,0*
1822,0*10*(10*10*)*,0*
1823,0(0|1)*0,0*(0*1*)*0*
1824,((0(0*|(1+0))*)|(1(1*|(0+1))*))?,(1*0*1*)*(0*1*0*)*
1825,((0(0*|(1+0))*)|(1(1*|(0+1))*))?,(1*01*)*(0*10*)*
1826,1?(01)*0?,((1)?(0)?)*
1827,((0(0*|(1+0))*)|(1(1*|(0+1))*))?,(0*1*(01)*0*1*(10)*0*1*)*
1828,(0|1)(0|1)*,(0*1+)*(1*0+)*
1829,(0|10*1)*,(0*(10)*1*)*0*
1830,(0*10*10*)*|0*,0*(0*1+)*0*
1831,(0|1)(0|1)*,[01]*
